date,open,high,low,close,volume
2020-01-02,13.0759776,13.3115808,12.9974432,13.24875328,153023187.0
2020-01-03,13.30372736,13.59430464,13.28802048,13.49220992,111619481.0
2020-01-06,13.35870144,13.61786496,13.28016704,13.40582208,86208350.0
2020-01-07,13.45294272,13.57074432,13.3115808,13.4686496,72860756.0
2020-01-08,13.350848,13.3901152,13.06027072,13.08383104,84782412.0
2020-01-09,13.20163264,13.29587392,12.98173632,13.18592576,103163665.0
2020-01-10,13.18592576,13.20163264,12.97388288,13.10739136,58554845.0
2020-01-13,13.154512,13.37440832,13.04456384,13.34299456,87213336.0
2020-01-14,13.34299456,13.56289088,13.16236544,13.16236544,130449366.0
2020-01-15,13.18592576,13.24089984,12.9189088,12.97388288,85943912.0
2020-01-16,12.97388288,13.01315008,12.7225728,12.82466752,102810467.0
2020-01-17,12.86393472,12.9974432,12.8403744,12.87178816,60543669.0
2020-01-20,12.90320192,13.04456384,12.8403744,12.9189088,74607475.0
2020-01-21,12.83252096,12.83252096,12.51052992,12.565504,89660310.0
2020-01-22,12.50267648,12.69115904,12.33775424,12.63618496,71946491.0
2020-01-23,12.50267648,12.50267648,12.08644416,12.20424576,110059207.0
2020-02-03,10.98696256,11.5445568,10.98696256,10.98696256,225919483.0
2020-02-04,11.0340832,11.51314304,11.01052288,11.4660224,170617207.0
2020-02-05,11.45816896,11.69377216,11.24612608,11.48958272,149138021.0
2020-02-06,11.63094464,11.67806528,11.39534144,11.59953088,118581572.0
2020-02-07,11.4660224,11.53670336,11.31680704,11.48172928,92485296.0
2020-02-10,11.39534144,11.41104832,11.2304192,11.387488,133949524.0
2020-02-11,11.4660224,11.73303936,11.43460864,11.61523776,140750744.0
2020-02-12,11.61523776,11.63879808,11.4660224,11.59953088,107050321.0
2020-02-13,11.55241024,11.68591872,11.47387584,11.5052896,101320528.0
2020-02-14,11.583824,11.89010816,11.5445568,11.80372032,151243473.0
2020-02-17,11.81157376,12.07073728,11.72518592,12.07073728,154369601.0
2020-02-18,12.03932352,12.03932352,11.78801344,11.9372288,97361235.0
2020-02-19,11.8586944,12.07073728,11.84298752,11.96864256,87410693.0
2020-02-20,11.99220288,12.26707328,11.8586944,12.24351296,123544434.0
2020-02-21,12.16497856,12.34560768,12.1335648,12.23565952,99507102.0
2020-02-24,12.14141824,12.14141824,11.8979616,11.96078912,119179450.0
2020-02-25,11.78016,11.88225472,11.60738432,11.81157376,114457502.0
2020-02-26,11.59953088,11.99220288,11.5445568,11.77230656,117659915.0
2020-02-27,11.74874624,11.8979616,11.69377216,11.86654784,97527090.0
2020-02-28,11.6623584,11.81157376,11.35607424,11.387488,130064445.0
2020-03-02,11.4267552,11.7408928,11.35607424,11.61523776,111658066.0
2020-03-03,11.74874624,11.77230656,11.48958272,11.56026368,115358432.0
2020-03-04,11.52884992,11.60738432,11.39534144,11.53670336,86259523.0
2020-03-05,11.6230912,12.28278016,11.56811712,12.08644416,268660240.0
2020-03-06,11.92152192,11.99220288,11.79586688,11.80372032,122853103.0
2020-03-09,11.55241024,11.56811712,11.32466048,11.3482208,166579354.0
2020-03-10,11.29324672,11.6623584,11.29324672,11.59167744,116786497.0
2020-03-11,11.59953088,11.68591872,11.48172928,11.53670336,81438164.0
2020-03-12,11.5052896,11.65450496,11.41104832,11.52884992,98649711.0
2020-03-13,10.9162816,11.45031552,10.9162816,11.40319488,116976580.0
2020-03-16,11.3482208,11.35607424,10.79848,10.79848,140620218.0
2020-03-17,10.79848,10.97125568,10.31156672,10.53146304,117784906.0
2020-03-18,10.53146304,10.6414112,9.9346016,9.98172224,138478437.0
2020-03-19,9.95816192,10.00528256,9.35344704,9.60475712,189145713.0
2020-03-20,9.7382656,9.95816192,9.62831744,9.83250688,157835296.0
2020-03-23,9.424128,9.6989984,9.36915392,9.5419296,107111364.0
2020-03-24,9.7382656,9.95816192,9.63617088,9.90318784,118020026.0
2020-03-25,10.11523072,10.26444608,9.9738688,10.10737728,113695774.0
2020-03-26,10.03669632,10.47648896,9.98957568,10.25659264,107519243.0
2020-03-27,10.405808,10.50790272,10.27229952,10.3272736,65301888.0
2020-03-30,10.0916704,10.24088576,10.02098944,10.16235136,66173879.0
2020-03-31,10.2487392,10.28015296,10.03669632,10.0524032,51337030.0
2020-04-01,10.09952384,10.31156672,10.06811008,10.12308416,52083604.0
2020-04-02,10.013136,10.18591168,9.94245504,10.18591168,51836504.0
2020-04-03,10.06811008,10.12308416,9.8560672,9.90318784,82534814.0
2020-04-07,10.12308416,10.16235136,10.06025664,10.11523072,87031371.0
2020-04-08,10.11523072,10.14664448,9.98957568,10.03669632,52871614.0
2020-04-09,10.11523072,10.12308416,9.98957568,10.00528256,40855377.0
2020-04-10,10.02098944,10.19376512,9.9346016,10.04454976,66667495.0
2020-04-13,9.95030848,9.98172224,9.79323968,9.88748096,44621440.0
2020-04-14,9.9346016,10.09952384,9.87177408,10.09952384,68608687.0
2020-04-15,10.09952384,10.15449792,10.03669632,10.10737728,65639640.0
2020-04-16,10.04454976,10.04454976,9.84821376,9.95816192,78915498.0
2020-04-17,10.02884288,10.24088576,9.9346016,10.12308416,133116477.0
2020-04-20,10.09952384,10.2487392,10.02884288,10.20161856,81845583.0
2020-04-21,10.4450752,10.7592128,10.4450752,10.5628768,212244834.0
2020-04-22,10.50004928,10.53931648,10.33512704,10.39010112,103280274.0
2020-04-23,10.39010112,10.45292864,10.29585984,10.39010112,64698963.0
2020-04-24,10.34298048,10.42936832,10.29585984,10.39795456,56600161.0
2020-04-27,10.4450752,10.71209216,10.405808,10.602144,93682990.0
2020-04-28,10.5628768,10.64926464,10.42151488,10.61785088,77156417.0
2020-04-29,10.58643712,11.0733504,10.5628768,11.01052288,110872239.0
2020-04-30,11.01052288,11.24612608,10.90057472,10.93984192,81954043.0
2020-05-06,10.80633344,10.90842816,10.68853184,10.81418688,100899802.0
2020-05-07,10.80633344,10.80633344,10.6806784,10.75135936,66274923.0
2020-05-08,10.80633344,11.01052288,10.74350592,10.9555488,93478170.0
2020-05-11,10.93198848,11.09691072,10.9162816,10.994816,61286229.0
2020-05-12,10.9555488,11.0340832,10.77491968,10.82989376,55851114.0
2020-05-13,10.79848,10.82204032,10.62570432,10.70423872,64035879.0
2020-05-14,10.6414112,10.67282496,10.38224768,10.4450752,94467209.0
2020-05-15,10.51575616,10.54716992,10.31942016,10.39010112,75679447.0
2020-05-18,10.3665408,10.47648896,10.30371328,10.3665408,63720857.0
2020-05-19,10.53146304,10.5628768,10.42151488,10.49219584,60036864.0
2020-05-20,10.50790272,10.69638528,10.42151488,10.60999744,69085107.0
2020-05-21,10.61785088,10.65711808,10.49219584,10.5236096,55231200.0
2020-05-22,10.46863552,10.47648896,10.14664448,10.14664448,85623733.0
2020-05-25,10.18591168,10.19376512,10.02098944,10.17805824,41017078.0
2020-05-26,10.22517888,10.26444608,10.16235136,10.24088576,39621240.0
2020-05-27,10.2487392,10.35868736,10.17805824,10.209472,48296294.0
2020-05-28,10.28137968,10.52902752,10.23344784,10.44115248,96076031.0
2020-05-29,10.39322064,10.41718656,10.32132288,10.385232,45780822.0
2020-06-01,10.4651184,10.69678896,10.44914112,10.64086848,88296055.0
2020-06-02,10.61690256,10.88851632,10.60891392,10.8246072,88345888.0
2020-06-03,10.89650496,11.08823232,10.784664,10.81661856,95680308.0
2020-06-04,10.80862992,10.89650496,10.71276624,10.84058448,58306633.0
2020-06-05,10.8645504,10.88052768,10.72874352,10.85656176,38302690.0
2020-06-08,10.92845952,11.0642664,10.84857312,10.88052768,58597190.0
2020-06-09,10.89650496,10.96840272,10.80862992,10.92047088,47430007.0
2020-06-10,10.95242544,10.95242544,10.7047776,10.77667536,58047620.0
2020-06-11,10.68880032,10.69678896,10.385232,10.44914112,134903982.0
2020-06-12,10.3053456,10.40120928,10.28137968,10.37724336,103055057.0
2020-06-15,10.2654024,10.36126608,10.2254592,10.24143648,66031307.0
2020-06-16,10.3053456,10.37724336,10.27339104,10.29735696,71805910.0
2020-06-17,10.29735696,10.32132288,10.19350464,10.2654024,71646824.0
2020-06-18,10.19350464,10.2254592,10.05769776,10.19350464,111964780.0
2020-06-19,10.16953872,10.25741376,10.07367504,10.2254592,153952178.0
2020-06-22,10.17752736,10.19350464,10.08166368,10.09764096,131907979.0
2020-06-23,10.1056296,10.13758416,10.00177728,10.0656864,99080673.0
2020-06-24,10.09764096,10.28936832,10.0656864,10.2254592,152322048.0
2020-06-29,10.32132288,10.36126608,10.15356144,10.2254592,103848006.0
2020-06-30,10.24942512,10.28936832,10.16155008,10.2254592,93794022.0
2020-07-01,10.21747056,10.5050616,10.17752736,10.48109568,169739001.0
2020-07-02,10.44914112,10.77667536,10.36126608,10.72874352,259050119.0
2020-07-03,10.84058448,11.43973248,10.83259584,11.383812,376833360.0
2020-07-06,11.6634144,12.52618752,11.65542576,12.52618752,471146080.0
2020-07-07,13.0214832,13.28510832,12.00692592,12.36641472,396442752.0
2020-07-08,12.16669872,12.781824,12.16669872,12.59009664,263133916.0
2020-07-09,12.51021024,12.51021024,12.23060784,12.40635792,224399440.0
2020-07-10,12.2625624,12.36641472,11.79123264,11.87111904,215877326.0
2020-07-13,11.7433008,12.04686912,11.583528,11.89508496,193716012.0
2020-07-14,11.9030736,12.13474416,11.6234712,11.72732352,195356627.0
2020-07-15,11.80720992,11.87111904,11.36783472,11.39978928,204256283.0
2020-07-16,11.4237552,11.6234712,11.27995968,11.3039256,193089129.0
2020-07-17,11.31990288,11.40777792,11.1441528,11.29593696,129134677.0
2020-07-20,11.36783472,11.79922128,11.2639824,11.76726672,197963200.0
2020-07-21,11.72732352,11.72732352,11.5036416,11.57553936,125286569.0
2020-07-22,11.57553936,11.7033576,11.39978928,11.51163024,131295159.0
2020-07-23,11.37582336,11.41576656,11.03231184,11.19208464,202752587.0
2020-07-24,11.16013008,11.17610736,10.72075488,10.784664,183088183.0
2020-07-27,10.92047088,10.92845952,10.4651184,10.57695936,188065335.0
2020-07-28,10.65684576,10.72874352,10.52902752,10.65684576,121700599.0
2020-07-29,10.6648344,10.88851632,10.55299344,10.81661856,151958025.0
2020-07-30,10.784664,10.79265264,10.68081168,10.68081168,96406763.0
2020-07-31,10.60891392,10.80862992,10.584948,10.65684576,116582191.0
2020-08-03,10.76069808,10.88052768,10.72874352,10.85656176,144509616.0
2020-08-04,10.91248224,11.3039256,10.76868672,11.21605056,244566325.0
2020-08-05,11.04030048,11.0642664,10.88052768,10.99236864,144020313.0
2020-08-06,11.04030048,11.15214144,10.9044936,11.1042096,135251068.0
2020-08-07,11.0243232,11.1042096,10.88052768,10.9444368,98867837.0
2020-08-10,10.92047088,11.20007328,10.88052768,11.1441528,158771035.0
2020-08-11,11.16013008,11.71134624,11.16013008,11.28794832,260330789.0
2020-08-12,11.35185744,11.583528,11.3039256,11.48766432,159681170.0
2020-08-13,11.5036416,11.55157344,11.29593696,11.32789152,83726175.0
2020-08-14,11.2639824,11.59151664,11.23202784,11.55956208,110321582.0
2020-08-17,11.6634144,12.2625624,11.6234712,12.13474416,326802784.0
2020-08-18,12.1427328,12.2226192,11.91106224,12.1027896,135026107.0
2020-08-19,12.07083504,12.2625624,11.95100544,12.0628464,142092811.0
2020-08-20,11.99094864,12.09480096,11.60749392,11.65542576,133380162.0
2020-08-21,11.75128944,11.75128944,11.43973248,11.5435848,123451733.0
2020-08-24,11.583528,11.75128944,11.51163024,11.55157344,91944886.0
2020-08-25,11.63145984,11.73531216,11.55157344,11.6634144,74832022.0
2020-08-26,11.6634144,11.67140304,11.40777792,11.47967568,73411772.0
2020-08-27,11.5036416,11.55157344,11.27197104,11.55157344,62666677.0
2020-08-28,11.39180064,12.12675552,11.39180064,12.08681232,241040002.0
2020-08-31,12.2226192,12.52618752,11.97497136,12.04686912,179712954.0
2020-09-01,11.95100544,12.16669872,11.88709632,12.09480096,81364258.0
2020-09-02,11.99094864,12.40635792,11.99094864,12.23859648,167938297.0
2020-09-03,12.23859648,12.24658512,11.85514176,11.9030736,127984159.0
2020-09-04,11.76726672,12.03089184,11.6634144,11.95100544,90988999.0
2020-09-07,11.88709632,12.17468736,11.84715312,11.93502816,103137681.0
2020-09-08,11.98296,12.32647152,11.98296,12.32647152,140760166.0
2020-09-09,12.19066464,12.43032384,12.08681232,12.15072144,101357247.0
2020-09-10,12.23859648,12.36641472,12.1427328,12.25457376,95709239.0
2020-09-11,12.12675552,12.2226192,11.83916448,11.99094864,95423625.0
2020-09-14,11.99094864,12.2226192,11.91905088,12.2226192,68025105.0
2020-09-15,12.1427328,12.36641472,12.1027896,12.2625624,65713267.0
2020-09-16,12.23859648,12.41434656,12.15072144,12.33446016,72241475.0
2020-09-17,12.41434656,12.55814208,12.3025056,12.43831248,98821563.0
2020-09-18,12.47825568,12.85372176,12.39836928,12.83774448,137319330.0
2020-09-21,12.781824,12.8217672,12.55015344,12.66998304,89616165.0
2020-09-22,12.51819888,12.65400576,12.29451696,12.43831248,86775631.0
2020-09-23,12.45428976,12.64601712,12.39038064,12.48624432,59920047.0
2020-09-24,12.45428976,12.47026704,12.07882368,12.07882368,106101124.0
2020-09-25,12.1427328,12.23060784,12.07083504,12.13474416,61408700.0
2020-09-28,12.13474416,12.27853968,11.96698272,12.23060784,61271111.0
2020-09-29,12.29451696,12.31049424,11.79123264,11.8231872,118237440.0
2020-09-30,11.8231872,12.19865328,11.8231872,12.11876688,121706482.0
2020-10-09,12.2226192,12.4223352,12.08681232,12.12675552,90042593.0
2020-10-12,12.15871008,12.8217672,12.15072144,12.7019376,159134715.0
2020-10-13,12.7019376,12.86969904,12.59808528,12.82975584,90881948.0
2020-10-14,12.81377856,12.87768768,12.6220512,12.80578992,66256236.0
2020-10-15,12.9415968,13.51677888,12.9016536,13.22918784,160006232.0
2020-10-16,13.22918784,13.87626768,13.21321056,13.6605744,209561419.0
2020-10-19,13.8203472,14.4594384,13.8203472,13.96414272,201610552.0
2020-10-20,13.96414272,14.0600064,13.780404,14.01207456,96007195.0
2020-10-21,14.09196096,14.379552,13.84431312,14.30765424,124456018.0
2020-10-22,14.33162016,14.778984,13.8203472,14.02805184,189051905.0
2020-10-23,14.00408592,15.00266592,14.00408592,14.48340432,169850168.0
2020-10-26,14.5393248,14.61122256,13.9401768,14.1398928,117559865.0
2020-10-27,14.379552,14.379552,13.98012,14.18782464,103486504.0
2020-10-28,14.18782464,14.2996656,13.81235856,14.08397232,120582386.0
2020-10-29,14.01207456,14.32363152,13.8602904,14.19581328,84660362.0
2020-10-30,14.17184736,14.66714304,14.0600064,14.179836,100780383.0
2020-11-02,14.0999496,14.4194952,13.84431312,14.08397232,96845277.0
2020-11-03,14.14788144,14.65116576,14.1398928,14.34759744,95786863.0
2020-11-04,14.6591544,14.76300672,14.34759744,14.63518848,124763640.0
2020-11-05,14.67513168,14.778984,14.01207456,14.1398928,142946944.0
2020-11-06,14.14788144,14.179836,13.75643808,14.09196096,84878153.0
2020-11-09,14.11592688,14.379552,14.01207456,14.25173376,95142432.0
2020-11-10,14.379552,14.778984,14.32363152,14.46742704,102106281.0
2020-11-11,14.5393248,14.6192112,14.0600064,14.22776784,94013007.0
2020-11-12,14.22776784,14.33162016,13.9401768,14.10793824,67725848.0
2020-11-13,13.91621088,13.95615408,13.33304016,13.72448352,128918923.0
2020-11-16,13.64459712,13.92419952,13.5008016,13.87626768,75985693.0
2020-11-17,13.88425632,14.32363152,13.780404,14.24374512,85293051.0
2020-11-18,14.20380192,14.778984,14.179836,14.74702944,137340072.0
2020-11-19,14.85088176,15.16243872,14.6192112,15.0585864,121174062.0
2020-11-20,15.04260912,15.17042736,14.79496128,15.06657504,67391922.0
2020-11-23,15.0585864,15.67371168,15.0186432,15.67371168,116585826.0
2020-11-24,15.67371168,15.72164352,15.31422288,15.46600704,67854323.0
2020-11-25,15.56187072,15.7376208,15.2183592,15.22634784,55258501.0
2020-11-26,15.2183592,15.66572304,15.20238192,15.577848,63965789.0
2020-11-27,15.97728,15.97728,15.48198432,15.7376208,75377374.0
2020-11-30,15.8973936,16.68028032,15.64974576,15.76957536,158144128.0
2020-12-01,15.7376208,16.38470064,15.4979616,16.0172232,126371975.0
2020-12-02,15.92135952,16.02521184,15.59382528,15.68170032,88938529.0
2020-12-03,15.80152992,15.86543904,15.31422288,15.60980256,71445230.0
2020-12-04,15.55388208,15.55388208,15.15445008,15.4180752,89134784.0
2020-12-07,15.42606384,15.48997296,14.92277952,15.10651824,87380661.0
2020-12-08,15.11450688,15.20238192,14.80294992,14.94674544,71964751.0
2020-12-09,15.01065456,15.2183592,14.92277952,14.94674544,67722115.0
2020-12-10,14.96272272,15.08255232,14.7390408,14.8988136,60786655.0
2020-12-11,14.94674544,15.0186432,14.55530208,14.79496128,88779387.0
2020-12-14,14.8588704,15.22634784,14.778984,15.08255232,83599174.0
2020-12-15,15.0186432,15.0585864,14.4993816,14.97071136,78885794.0
2020-12-16,15.0186432,15.2583024,14.84289312,15.18640464,68907042.0
2020-12-17,15.10651824,15.23433648,14.8588704,15.1384728,68614069.0
2020-12-18,15.178416,15.2583024,14.56329072,14.66714304,105875636.0
2020-12-21,14.6192112,14.89082496,14.40351792,14.60323392,90687811.0
2020-12-22,14.66714304,14.8988136,14.28368832,14.2996656,102873751.0
2020-12-23,14.34759744,14.43547248,14.21179056,14.379552,75008273.0
2020-12-24,14.4993816,14.77099536,14.4194952,14.58725664,63295012.0
2020-12-25,14.58725664,14.58725664,14.2197792,14.41150656,57707733.0
2020-12-28,14.39552928,15.06657504,14.34759744,15.0585864,127033706.0
2020-12-29,15.07456368,15.4180752,14.9387568,15.31422288,96309223.0
2020-12-30,15.178416,15.3381888,14.95473408,15.3381888,97849778.0
2020-12-31,15.34617744,15.64175712,15.19439328,15.45002976,92450343.0
2021-01-04,15.2583024,15.2583024,14.73105216,14.8588704,155421643.0
2021-01-05,14.6990976,14.76300672,14.2197792,14.51535888,182135210.0
2021-01-06,14.44346112,15.62577984,14.379552,15.62577984,193494512.0
2021-01-07,15.59382528,15.96130272,15.36215472,15.8973936,158418530.0
2021-01-08,15.8973936,16.0571664,15.42606384,15.8574504,119547322.0
2021-01-11,15.97728,16.48855296,15.97728,16.28084832,179045714.0
2021-01-12,16.28883696,16.776144,16.12107552,16.776144,128816550.0
2021-01-13,16.776144,16.78413264,16.2968256,16.5364848,104911973.0
2021-01-14,16.52050752,16.68826896,15.9373368,16.11308688,113015562.0
2021-01-15,16.776144,17.5350648,16.63234848,16.776144,248068898.0
2021-01-18,16.9359168,18.19812192,16.9359168,18.1342128,215730178.0
2021-01-19,17.98242864,18.24605376,17.6149512,17.84662176,124208834.0
2021-01-20,17.6948376,18.34990608,17.67087168,17.95047408,128079316.0
2021-01-21,17.97444,18.2140992,17.6948376,17.75874672,94477860.0
2021-01-22,17.75874672,17.75874672,17.18356464,17.59897392,92443442.0
2021-01-25,17.35132608,18.0543264,17.11965552,17.96645136,102836527.0
2021-01-26,17.8146672,18.62950848,17.8146672,17.87058768,112672055.0
2021-01-27,17.82265584,18.74933808,17.82265584,18.43778112,129415272.0
2021-01-28,18.19812192,18.51766752,17.9344968,18.22208784,85747696.0
2021-01-29,18.22208784,18.80525856,18.14220144,18.44576976,124025841.0
2021-02-01,18.373872,19.96361136,18.1342128,19.6121112,147523930.0
2021-02-02,18.67744032,19.2526224,18.30197424,18.59755392,241616877.0
2021-02-03,18.75732672,20.11539552,18.67744032,19.9316568,192327159.0
2021-02-04,19.31653152,20.16332736,19.20469056,19.6520544,125524750.0
2021-02-05,19.6520544,20.21924784,19.38842928,19.91567952,101557559.0
2021-02-08,19.8917136,19.8917136,19.2526224,19.8118272,108426467.0
2021-02-09,19.80383856,19.84378176,19.30854288,19.63607712,94209355.0
2021-02-10,19.6520544,19.93964544,18.67744032,19.02894048,191886710.0
2021-02-18,19.172736,19.6121112,18.75732672,19.4123952,150523081.0
2021-02-19,19.14078144,19.32452016,18.82922448,19.0529064,92258314.0
2021-02-22,19.0129632,19.0129632,17.78271264,17.87857632,195684248.0
2021-02-23,17.87857632,18.11823552,17.43121248,17.51908752,187046013.0
2021-02-24,17.79070128,17.79868992,17.22350784,17.70282624,142849985.0
2021-02-25,17.8945536,18.02237184,17.31937152,17.64690576,159340347.0
2021-02-26,17.2554624,17.54305344,16.94390544,17.07971232,112497730.0
2021-03-01,17.20753056,17.31937152,16.91993952,17.1356328,112538653.0
2021-03-02,17.27143968,17.6948376,16.98384864,17.2954056,147342505.0
2021-03-03,17.23948512,18.43778112,17.14362144,18.38186064,191963527.0
2021-03-04,18.19013328,18.76531536,18.0942696,18.30996288,121357937.0
2021-03-05,18.1342128,18.35789472,17.46316704,17.84662176,88017141.0
2021-03-08,17.92650816,18.12622416,17.15959872,17.2554624,99377397.0
2021-03-09,17.31937152,17.51109888,16.44062112,16.6563144,136189533.0
2021-03-10,16.64832576,16.70424624,16.20096192,16.2968256,114941657.0
2021-03-11,16.44062112,17.07971232,16.42464384,16.99183728,104865939.0
2021-03-12,17.07172368,17.3353488,16.9359168,17.15959872,69720060.0
2021-03-15,17.0956896,17.67087168,16.86401904,17.2554624,95874870.0
2021-03-16,17.2554624,17.66288304,16.99183728,17.30339424,93968432.0
2021-03-17,17.1356328,17.2155192,16.6962576,16.9359168,82148865.0
2021-03-18,17.0158032,17.35931472,16.776144,17.35931472,69161019.0
2021-03-19,17.19954192,17.2954056,16.27285968,16.35274608,152562227.0
2021-03-22,16.4166552,17.2155192,16.40067792,17.2155192,145119008.0
2021-03-23,17.23149648,17.2954056,16.74418944,16.95988272,68290338.0
2021-03-24,16.94390544,16.99982592,16.3367688,16.40067792,85008507.0
2021-03-25,16.44062112,16.64033712,16.2968256,16.576428,49266574.0
2021-03-26,16.64832576,17.0956896,16.58441664,16.88798496,82210806.0
2021-03-29,16.99982592,17.2954056,16.9359168,17.16758736,78566668.0
2021-03-30,17.07971232,17.51908752,16.94390544,17.51908752,73865481.0
2021-03-31,17.39126928,17.63092848,17.2554624,17.58299664,77702807.0
2021-04-01,17.63891712,17.66288304,17.175576,17.39925792,54444898.0
2021-04-02,17.3353488,17.35931472,17.06373504,17.175576,58108352.0
2021-04-06,17.2155192,17.64690576,17.18356464,17.31937152,40110282.0
2021-04-07,17.47914432,17.51908752,17.02379184,17.28741696,51760459.0
2021-04-08,17.14362144,17.35931472,17.03976912,17.22350784,38302950.0
2021-04-09,17.34333744,17.35132608,16.84005312,17.0158032,39896028.0
2021-04-12,17.18356464,17.18356464,16.48056432,16.5364848,59474314.0
2021-04-13,16.55246208,16.68028032,16.44860976,16.60039392,49990418.0
2021-04-14,16.60838256,16.72821216,16.31280288,16.51251888,53743849.0
2021-04-15,16.58441664,16.59240528,16.04118912,16.26487104,73586505.0
2021-04-16,16.26487104,16.32079152,15.82549584,16.18498464,72999826.0
2021-04-19,16.00124592,16.96787136,15.90538224,16.8959736,111228262.0
2021-04-20,16.84005312,17.5350648,16.71223488,17.32736016,83477272.0
2021-04-21,17.8146672,18.52565616,17.80667856,18.38186064,159709965.0
2021-04-22,18.52565616,18.55761072,18.19812192,18.35789472,82969388.0
2021-04-23,18.62950848,18.8931336,18.42979248,18.60554256,82323015.0
2021-04-26,19.06888368,19.35647472,18.2939856,18.32594016,87241767.0
2021-04-27,18.3339288,18.52565616,18.26203104,18.32594016,47043140.0
2021-04-28,18.60554256,18.7333608,18.19812192,18.6534744,59383793.0
2021-04-29,18.64548576,18.94106544,18.46174704,18.84520176,61483688.0
2021-04-30,18.6534744,18.76531536,18.38186064,18.60554256,56198132.0
2021-05-06,18.4537584,18.9330768,18.4537584,18.773304,50029522.0
2021-05-07,18.90911088,19.4123952,18.68542896,19.2126792,80221421.0
2021-05-10,19.172736,19.20469056,18.38984928,19.06089504,66143890.0
2021-05-11,18.86916768,18.97302,18.42180384,18.79726992,49722345.0
2021-05-12,18.60554256,18.88514496,18.27800832,18.8132472,53326526.0
2021-05-13,18.78928128,18.84520176,18.24605376,18.42979248,54965250.0
2021-05-14,18.63107844,18.86457078,18.1962996,18.77600472,56378536.0
2021-05-17,18.6391299,19.17857772,18.4781007,19.0014456,52756465.0
2021-05-18,19.2027321,19.41207006,18.8404164,19.2429894,39541498.0
2021-05-19,19.17857772,19.42817298,18.93703392,19.0014456,42942033.0
2021-05-20,18.84846786,19.19468064,18.73574742,19.17857772,40578837.0
2021-05-21,19.22688648,19.39596714,18.54251238,18.91287954,53933574.0
2021-05-24,18.90482808,19.0014456,18.67133574,18.90482808,34393563.0
2021-05-25,18.95313684,19.91126058,18.8806737,19.8065916,97237462.0
2021-05-26,19.83879744,20.22526752,19.726077,20.13670146,91926378.0
2021-05-27,20.05618686,20.25747336,19.74217992,19.95956934,50409136.0
2021-05-28,19.87100328,19.89515766,19.45232736,19.726077,49240073.0
2021-05-31,19.58920218,19.75023138,19.25104086,19.4845332,51535081.0
2021-06-01,19.4845332,19.5247905,18.920931,19.25909232,62501796.0
2021-06-02,19.23493794,19.25909232,18.82431348,19.23493794,49752702.0
2021-06-03,19.09806312,19.43622444,19.06585728,19.13832042,40090085.0
2021-06-04,19.31545254,20.09644416,19.1624748,19.75828284,75673942.0
2021-06-07,19.70997408,19.70997408,19.26714378,19.5650478,44791410.0
2021-06-08,19.4442759,19.78243722,19.2832467,19.75023138,57007792.0
2021-06-09,19.66971678,20.03203248,19.46843028,19.8468489,45383150.0
2021-06-10,19.85490036,20.17695876,19.4442759,19.4845332,53021516.0
2021-06-11,19.57309926,19.6053051,18.61497552,18.81626202,83466504.0
2021-06-15,18.8001591,18.86457078,18.3573288,18.69549012,66062259.0
2021-06-16,18.69549012,18.8404164,18.52640946,18.72769596,37820804.0
2021-06-17,18.53446092,19.07390874,18.53446092,18.5988726,45328209.0
2021-06-18,18.62302698,18.74379888,18.02721894,18.2365569,69409930.0
2021-06-21,18.1962996,18.25265982,17.72126346,17.84203536,71827274.0
2021-06-22,18.01916748,18.59082114,17.9144985,18.49420362,75775141.0
2021-06-23,18.3975861,18.84846786,18.29291712,18.63107844,44790778.0
2021-06-24,18.54251238,18.61497552,18.26071128,18.58276968,39028349.0
2021-06-25,18.58276968,19.0014456,18.56666676,18.80821056,55997295.0
2021-06-28,18.80821056,18.83236494,18.09968208,18.34122588,62625737.0
2021-06-29,18.18019668,18.34927734,17.713212,17.98696164,104974939.0
2021-06-30,18.00306456,18.46199778,17.9950131,18.21240252,40343546.0
2021-07-01,18.36538026,18.920931,18.13188792,18.6793872,66483330.0
2021-07-02,18.29291712,18.30902004,17.51997696,17.56023426,107067756.0
2021-07-05,17.46361674,17.8339839,16.98052914,17.76152076,85934129.0
2021-07-06,17.77762368,18.518358,17.5924401,18.34122588,79195726.0
2021-07-07,18.26071128,18.5586153,18.115785,18.1560423,46894487.0
2021-07-08,18.34122588,18.34122588,17.0690952,17.31869046,145705947.0
2021-07-09,17.1496098,17.41530798,16.92416892,17.12545542,76236474.0
2021-07-12,17.310639,17.310639,16.81949994,17.03688936,87790102.0
2021-07-13,17.0288379,17.18181564,16.53769884,17.00468352,65761395.0
2021-07-14,16.908066,16.908066,16.43302986,16.71483096,84795055.0
2021-07-15,16.68262512,17.48777112,16.61016198,17.40725652,95600305.0
2021-07-16,17.23817586,17.56828572,17.1496098,17.18181564,57300261.0
2021-07-19,17.19791856,17.25427878,16.73093388,17.07714666,52213595.0
2021-07-20,16.9885806,17.0690952,16.48133862,16.5860076,80403433.0
2021-07-21,16.56990468,16.7470368,16.2639492,16.4652357,75307652.0
2021-07-22,16.4652357,16.63431636,16.29615504,16.40887548,86864809.0
2021-07-23,16.40887548,16.40887548,16.10292,16.1834346,72740433.0
2021-07-26,16.07071416,16.09486854,14.83884078,15.1367448,145130394.0
2021-07-27,15.19310502,15.28972254,14.1705696,14.29939296,135755148.0
2021-07-28,14.3718561,14.54898822,14.23498128,14.2913415,106299421.0
2021-07-29,14.42016486,14.68586304,14.31549588,14.46042216,87237812.0
2021-07-30,14.42821632,14.5328853,13.88071704,14.24303274,95015588.0
2021-08-02,14.20277544,14.60534844,13.83240828,14.50067946,115992263.0
2021-08-03,14.48457654,14.6133999,14.21887836,14.40406194,89694857.0
2021-08-04,14.52483384,14.54898822,14.1705696,14.33965026,72962008.0
2021-08-05,14.2510842,14.5328853,14.15446668,14.23498128,62157388.0
2021-08-06,14.1303123,14.4121134,14.0497977,14.37990756,56745413.0
2021-08-09,14.42016486,15.4990605,14.36380464,15.34608276,175279800.0
2021-08-10,15.37023714,16.08681708,15.2172594,15.88553058,130198844.0
2021-08-11,16.09486854,16.56990468,15.8613762,15.94994226,104830844.0
2021-08-12,15.93383934,16.3444638,15.80501598,16.01435394,66645800.0
2021-08-13,15.92578788,16.03850832,15.700347,16.01435394,56288502.0
2021-08-16,16.17538314,16.2639492,15.75670722,16.0626627,62705022.0
2021-08-17,15.9821481,16.28005212,15.78891306,15.83722182,47602194.0
2021-08-18,15.83722182,17.0690952,15.7406043,16.60211052,133273216.0
2021-08-19,16.48939008,16.60211052,16.11902292,16.37666964,64997561.0
2021-08-20,16.07876562,16.15928022,15.0562302,15.63593532,161462793.0
2021-08-23,15.700347,16.1431773,15.38634006,15.5393178,119184935.0
2021-08-24,15.5795751,16.07876562,15.46685466,15.58762656,86895330.0
2021-08-25,15.63593532,15.67619262,15.2575167,15.42659736,69808397.0
2021-08-26,15.4588032,15.50711196,14.82273786,14.86299516,95161900.0
2021-08-27,14.94350976,15.20115648,14.74222326,14.80663494,72882023.0
2021-08-30,14.66170866,14.72612034,14.1303123,14.26718712,125221101.0
2021-08-31,14.26718712,14.43626778,13.93707726,14.3315988,117486786.0
2021-09-01,14.07395208,14.42821632,13.69553346,14.39601048,231689409.0
2021-09-02,14.492628,15.12064188,14.3315988,14.8146864,242260354.0
2021-09-03,14.895201,14.895201,14.2510842,14.52483384,139481871.0
2021-09-06,14.43626778,14.9757156,14.31549588,14.8549437,151522556.0
2021-09-07,14.9757156,15.74865576,14.7744291,15.49100904,162234416.0
2021-09-08,15.49100904,15.7406043,15.3782886,15.48295758,102620105.0
2021-09-09,15.38634006,15.4185459,15.1367448,15.297774,73950585.0
2021-09-10,15.20920794,16.72288242,15.16895064,16.56185322,231494528.0
2021-09-13,16.39277256,16.51354446,15.94994226,16.27200066,129722802.0
2021-09-14,16.24784628,16.32030942,15.51516342,15.59567802,115817315.0
2021-09-15,15.54736926,16.90001454,15.45075174,15.71644992,84161841.0
2021-09-16,15.5393178,15.700347,15.08038458,15.36218568,117695356.0
2021-09-17,15.2172594,15.297774,14.82273786,14.91935538,112487963.0
2021-09-22,14.38795902,14.5328853,14.02564332,14.47652508,147336521.0
2021-09-23,14.5731426,14.75027472,14.2108269,14.23498128,137983759.0
2021-09-24,14.1705696,14.23498128,13.96123164,13.9692831,126569628.0
2021-09-27,13.85656266,14.23498128,13.73579076,14.14641522,114066759.0
2021-09-28,14.06590062,14.62950282,14.0497977,14.46847362,129316747.0
2021-09-29,14.37990756,14.84689224,14.25913566,14.6133999,123012175.0
2021-09-30,14.56509114,14.6536572,14.25913566,14.43626778,79561105.0
2021-10-08,14.62950282,15.20920794,14.50873092,15.00792144,115920062.0
2021-10-11,15.297774,15.89358204,15.297774,15.6198324,145533835.0
2021-10-12,15.5393178,15.86942766,15.4588032,15.5795751,103123218.0
2021-10-13,15.5393178,16.03045686,15.43464882,15.76475868,80789668.0
2021-10-14,15.77281014,16.03850832,15.20920794,15.46685466,84298987.0
2021-10-15,15.297774,16.0224054,15.297774,15.82917036,99349378.0
2021-10-18,15.6600897,15.7406043,15.3782886,15.53126634,72962250.0
2021-10-19,15.4185459,15.84527328,15.4185459,15.75670722,68241515.0
2021-10-20,15.9016335,15.92578788,15.45075174,15.49100904,66295555.0
2021-10-21,15.71644992,16.15122876,15.4990605,16.10292,162166101.0
2021-10-22,16.23174336,16.57795614,15.9418908,16.13512584,113496363.0
2021-10-25,15.86942766,16.2639492,15.700347,16.19953752,73082823.0
2021-10-26,16.15122876,16.4652357,15.99019956,16.1431773,65280684.0
2021-10-27,16.10292,16.23979482,15.77281014,16.03850832,68760019.0
2021-10-28,15.9418908,16.05461124,15.59567802,15.87747912,61901089.0
2021-10-29,15.80501598,15.89358204,15.55542072,15.700347,53992976.0
2021-11-01,15.56347218,15.88553058,15.30582546,15.61178094,84149020.0
2021-11-02,15.59567802,15.69229554,14.48457654,14.63755428,199769050.0
2021-11-03,14.5731426,14.68586304,14.3718561,14.51678238,111497204.0
2021-11-04,14.55703968,14.5731426,14.3315988,14.38795902,98341098.0
2021-11-05,14.3718561,14.492628,14.14641522,14.20277544,109603988.0
2021-11-08,14.18667252,14.33965026,13.97733456,14.02564332,137681482.0
2021-11-09,14.07395208,14.2108269,13.89681996,14.11420938,124057275.0
2021-11-10,14.05784916,14.06590062,13.81630536,14.0095404,122085088.0
2021-11-11,13.9692831,14.83884078,13.94512872,14.7744291,208472900.0
2021-11-12,14.74222326,14.99986998,14.58119406,14.71001742,95754646.0
2021-11-15,14.7744291,14.99986998,14.6536572,14.83884078,65508999.0
2021-11-16,14.78248056,14.92740684,14.62950282,14.66976012,60111048.0
2021-11-17,14.6133999,14.7341718,14.47652508,14.58119406,66464038.0
2021-11-18,14.56509114,14.58924552,14.27523858,14.3315988,79984377.0
2021-11-19,14.3315988,14.68586304,14.2510842,14.6133999,78637156.0
2021-11-22,14.51678238,14.6939145,14.4121134,14.58924552,73861780.0
2021-11-23,14.58119406,14.7744291,14.23498128,14.39601048,123597796.0
2021-11-24,14.30744442,14.4523707,14.21887836,14.38795902,74131084.0
2021-11-25,14.28329004,14.32354734,14.19472398,14.23498128,60353270.0
2021-11-26,14.18667252,14.22692982,14.10615792,14.15446668,69449988.0
2021-11-29,14.01759186,14.14641522,13.97733456,14.09810646,51259471.0
2021-11-30,14.12226084,14.23498128,13.9692831,14.04174624,73361606.0
2021-12-01,14.03369478,14.30744442,13.98538602,14.20277544,70692519.0
2021-12-02,14.18667252,14.33965026,13.98538602,14.16251814,99479835.0
2021-12-03,14.20277544,14.2510842,14.01759186,14.2108269,70759974.0
2021-12-06,14.3718561,14.94350976,14.3315988,14.5731426,214562528.0
2021-12-07,14.7341718,15.03207582,14.6133999,14.86299516,161644387.0
2021-12-08,14.8549437,14.9354583,14.62145136,14.87104662,98028118.0
2021-12-09,14.88714954,15.34608276,14.79053202,15.0562302,145588668.0
2021-12-10,14.90325246,15.0562302,14.71001742,14.79858348,98925513.0
2021-12-13,14.87104662,15.20115648,14.63755428,14.71001742,131449027.0
2021-12-14,14.62145136,14.62950282,14.10615792,14.15446668,193720890.0
2021-12-15,14.09810646,14.21887836,14.0095404,14.1303123,129462741.0
2021-12-16,14.1303123,14.27523858,14.05784916,14.26718712,81947951.0
2021-12-17,14.2510842,14.2913415,14.14641522,14.14641522,60236967.0
2021-12-20,14.13836376,14.2108269,14.0497977,14.10615792,74643520.0
2021-12-21,14.08200354,14.25913566,14.07395208,14.16251814,89373404.0
2021-12-22,14.18667252,14.20277544,13.9290258,14.00148894,97692775.0
2021-12-23,14.0095404,14.03369478,13.85656266,13.94512872,105957594.0
2021-12-24,13.95318018,13.9692831,13.85656266,13.93707726,48825149.0
2021-12-27,13.95318018,13.9692831,13.81630536,13.86461412,73111899.0
2021-12-28,13.86461412,13.95318018,13.75994514,13.82435682,112663891.0
2021-12-29,13.81630536,13.81630536,13.4459382,13.4861955,146937398.0
2021-12-30,13.49424696,13.6472247,13.46204112,13.54255572,79666360.0
2021-12-31,13.57476156,13.6069674,13.2043944,13.26880608,175076089.0
2022-01-04,13.26880608,13.41373236,13.02726228,13.41373236,116925933.0
2022-01-05,13.34932068,13.86461412,13.3251663,13.8082539,196199817.0
2022-01-06,13.77604806,13.90487142,13.687482,13.78409952,110788519.0
2022-01-07,13.7679966,13.91292288,13.73579076,13.8485112,112663070.0
2022-01-10,13.92097434,14.02564332,13.71163638,13.84045974,90977401.0
2022-01-11,13.89681996,14.12226084,13.80020244,14.01759186,158199940.0
2022-01-12,14.01759186,14.0497977,13.6069674,13.687482,150216355.0
2022-01-13,13.61501886,13.88071704,13.54255572,13.67137908,90942265.0
2022-01-14,13.687482,13.70358492,13.1238798,13.14803418,210309491.0
2022-01-17,13.1641371,13.26880608,12.97895352,13.05946812,114368943.0
2022-01-18,13.0836225,13.31711484,13.01115936,13.30101192,115297431.0
2022-01-19,13.31711484,13.43788674,13.17218856,13.284909,98839185.0
2022-01-20,13.26075462,14.05784916,13.22049732,13.95318018,303119376.0
2022-01-21,14.0497977,14.13836376,13.85656266,13.9692831,148168295.0
2022-01-24,13.96123164,13.99343748,13.67137908,13.8485112,87477087.0
2022-01-25,13.75189368,13.75189368,13.53450426,13.5667101,109328397.0
2022-01-26,13.6472247,13.7679966,13.31711484,13.4056809,98497522.0
2022-01-27,13.284909,13.31711484,13.0836225,13.1238798,102464311.0
2022-01-28,13.19634294,13.2446517,12.73740972,12.74546118,167556367.0
2022-02-07,12.89843892,13.21244586,12.79376994,13.19634294,151547630.0
2022-02-08,13.1238798,13.66332762,13.09167396,13.55060718,175469528.0
2022-02-09,13.62307032,13.687482,13.45398966,13.57476156,105116166.0
2022-02-10,13.50229842,13.71163638,13.42178382,13.67943054,78455735.0
2022-02-11,13.71163638,13.96123164,13.71163638,13.7679966,107813914.0
2022-02-14,13.7679966,13.8082539,13.29296046,13.34932068,115065851.0
2022-02-15,13.284909,13.42178382,12.9628506,13.10777688,120826437.0
2022-02-16,13.1641371,13.30906338,13.05141666,13.21244586,78239959.0
2022-02-17,13.19634294,13.3251663,13.13998272,13.22049732,79450184.0
2022-02-18,13.13998272,13.50229842,13.13193126,13.50229842,80249940.0
2022-02-21,13.41373236,13.42178382,13.13998272,13.29296046,80099455.0
2022-02-22,13.13193126,13.23660024,13.01115936,13.06751958,89495673.0
2022-02-23,13.1238798,13.13193126,12.91454184,13.03531374,88674244.0
2022-02-24,12.98700498,13.0031079,12.7213068,12.80987286,132408685.0
2022-02-25,12.87428454,12.94674768,12.77766702,12.8018214,72639707.0
2022-02-28,12.8018214,12.81792432,12.57638052,12.6810495,72399045.0
2022-03-01,12.71325534,12.8420787,12.57638052,12.81792432,93504034.0
2022-03-02,12.71325534,12.77766702,12.60858636,12.62468928,76076086.0
2022-03-03,12.66494658,12.72935826,12.58443198,12.64884366,57828505.0
2022-03-04,12.57638052,12.58443198,12.30263088,12.34288818,99093566.0
2022-03-07,12.21406482,12.21406482,11.80344036,11.85174912,111315899.0
2022-03-08,11.77123452,11.96446956,11.4733305,11.52163926,100303269.0
2022-03-09,11.5941024,11.6343597,10.64403012,11.14322064,180076017.0
2022-03-10,11.41697028,11.8759035,11.34450714,11.73097722,224915816.0
2022-03-11,11.5941024,12.06108708,11.3928159,11.9966754,149364697.0
2022-03-14,11.77928598,12.02082978,11.6343597,11.66656554,111840734.0
2022-03-15,11.5941024,11.5941024,10.9499856,11.01439728,178140887.0
2022-03-16,11.15932356,11.5941024,10.87752246,11.52163926,153177906.0
2022-03-17,11.80344036,11.84369766,11.46527904,11.6343597,173006142.0
2022-03-18,11.56189656,11.9564181,11.38476444,11.8356462,152880713.0
2022-03-21,11.674617,11.93226372,11.58605094,11.74708014,120886805.0
2022-03-22,11.74708014,12.25432212,11.674617,12.22211628,162865658.0
2022-03-23,12.16575606,12.23016774,11.9966754,12.07719,105010238.0
2022-03-24,12.01277832,12.32678526,11.92421226,12.2382192,100235995.0
2022-03-25,12.1979619,12.2784765,11.93226372,12.06108708,74293335.0
2022-03-28,11.9161608,12.1174473,11.77928598,11.9564181,72713699.0
2022-03-29,11.98057248,12.0369327,11.7551316,11.81954328,61564315.0
2022-03-30,11.96446956,12.29457942,11.88395496,12.24627066,123679155.0
2022-03-31,12.1577046,12.53612322,12.12549876,12.38314548,116374674.0
2022-04-01,12.37509402,12.71325534,12.2382192,12.6810495,148487874.0
2022-04-06,12.59248344,13.31711484,12.58443198,13.19634294,248854005.0
2022-04-07,13.18829148,13.41373236,13.0433652,13.10777688,165906455.0
2022-04-08,13.09167396,13.2446517,12.98700498,13.2043944,106677946.0
2022-04-11,13.1641371,13.2043944,12.7213068,12.9225933,141673536.0
2022-04-12,12.9225933,13.09167396,12.60858636,12.81792432,103926142.0
2022-04-13,12.79376994,12.94674768,12.65689512,12.7213068,89062806.0
2022-04-14,12.882336,13.0836225,12.81792432,12.91454184,92961494.0
2022-04-15,12.8018214,13.30906338,12.76961556,13.22049732,123176103.0
2022-04-18,13.0031079,13.0433652,12.72935826,12.8018214,108688756.0
2022-04-19,12.8018214,12.85818162,12.57638052,12.72935826,82177249.0
2022-04-20,12.72935826,12.9225933,12.6407922,12.7615641,71655528.0
2022-04-21,12.69715242,12.86623308,12.6407922,12.72935826,70989116.0
2022-04-22,12.59248344,13.03531374,12.3992484,12.93064476,92127408.0
2022-04-25,12.61663782,12.80987286,11.90005788,11.9564181,166448098.0
2022-04-26,11.98057248,12.06108708,11.6343597,11.85980058,98820956.0
2022-04-27,12.06108708,12.6005349,12.04498416,12.6005349,149029503.0
2022-04-28,12.53612322,12.82597578,12.37509402,12.6005349,91177187.0
2022-04-29,12.63274074,12.67299804,12.05303562,12.33483672,164501308.0
2022-05-05,12.2382192,12.4395057,12.1979619,12.33483672,79019620.0
2022-05-06,12.09329292,12.2382192,12.00472686,12.04498416,83243182.0
2022-05-09,12.02888124,12.02888124,11.64241116,11.7148743,81862135.0
2022-05-10,11.674617,11.7551316,11.36061006,11.74708014,99228502.0
2022-05-11,11.70682284,11.94836664,11.62630824,11.77928598,84857362.0
2022-05-12,11.65851408,11.72292576,11.53774218,11.57799948,68506423.0
2022-05-13,11.674617,11.80344036,11.66656554,11.76318306,67631191.0
2022-05-16,11.80344036,11.85980058,11.5538451,11.60215386,66822782.0
2022-05-17,11.68266846,11.85174912,11.52969072,11.84369766,93140639.0
2022-05-18,11.9564181,11.98862394,11.81149182,11.8759035,77857833.0
2022-05-19,11.7148743,11.8356462,11.674617,11.77123452,59092172.0
2022-05-20,11.8356462,12.10939584,11.81149182,12.09329292,94859778.0
2022-05-23,12.13355022,12.13355022,11.88395496,11.94031518,64772592.0
2022-05-24,11.97252102,11.97252102,11.5941024,11.5941024,93355706.0
2022-05-25,11.61825678,11.66656554,11.5135878,11.58605094,60322826.0
2022-05-26,11.60215386,11.61825678,11.32840422,11.42502174,101131756.0
2022-05-27,11.50553634,11.5538451,11.36061006,11.41697028,72306674.0
2022-05-30,11.48138196,11.49748488,11.30424984,11.33645568,89690123.0
2022-05-31,11.32840422,11.41697028,11.272044,11.40086736,93886855.0
2022-06-01,11.38476444,11.38476444,11.272044,11.33645568,84529898.0
2022-06-02,11.28814692,11.29619838,11.17542648,11.2317867,97926822.0
2022-06-06,11.19958086,11.40891882,10.98219144,11.40891882,171085175.0
2022-06-07,11.28814692,11.4733305,11.26399254,11.40086736,131511262.0
2022-06-08,11.40086736,11.40891882,11.28009546,11.40086736,114552124.0
2022-06-09,11.38476444,11.64241116,11.3525586,11.5538451,163290134.0
2022-06-10,11.48138196,11.53774218,11.37671298,11.52969072,134601231.0
2022-06-13,11.41697028,11.42502174,11.17542648,11.19958086,154775285.0
2022-06-14,11.03855166,11.37671298,11.03855166,11.36866152,115142939.0
2022-06-15,11.3525586,12.16575606,11.32035276,11.86785204,341354368.0
2022-06-16,11.86785204,11.94031518,11.61020532,11.62630824,133254631.0
2022-06-17,11.52969072,11.69877138,11.4330732,11.6343597,105378794.0
2022-06-20,11.62630824,11.62630824,11.48138196,11.54579364,103216680.0
2022-06-21,11.54579364,11.77928598,11.45722758,11.56994802,132179398.0
2022-06-22,11.56189656,11.56189656,11.33645568,11.33645568,105604592.0
2022-06-23,11.34450714,11.45722758,11.32035276,11.4330732,80602803.0
2022-06-24,11.4330732,11.4733305,11.36061006,11.45722758,86604061.0
2022-06-27,11.46527904,11.72292576,11.44917612,11.66656554,149727818.0
2022-06-28,11.65046262,11.81149182,11.60215386,11.77928598,112511048.0
2022-06-29,11.7953889,11.9966754,11.7148743,11.78733744,126654728.0
2022-06-30,11.77928598,12.09329292,11.7148743,12.06108708,154874501.0
2022-07-01,12.07719,12.13355022,11.94836664,12.01277832,77924332.0
2022-07-04,12.0369327,12.06108708,11.8759035,12.02888124,83496807.0
2022-07-05,12.06913854,12.29457942,11.93226372,12.00472686,111517210.0
2022-07-06,11.94031518,12.02082978,11.64241116,11.69877138,104333523.0
2022-07-07,11.70682284,11.7953889,11.57799948,11.61020532,73016098.0
2022-07-08,11.674617,11.7953889,11.56994802,11.70682284,63969823.0
2022-07-11,11.674617,11.73097722,11.56189656,11.64241116,61169194.0
2022-07-12,11.60215386,11.85980058,11.57799948,11.61020532,74288242.0
2022-07-13,11.61020532,11.65046262,11.18347794,11.24788962,217599606.0
2022-07-14,11.0305002,11.03855166,10.70039034,10.76480202,263212087.0
2022-07-15,10.85336808,10.91777976,10.64403012,10.66013304,159863740.0
2022-07-18,10.6681845,10.82116224,10.63597866,10.78090494,115350581.0
2022-07-19,10.74064764,10.81311078,10.69233888,10.80505932,75559710.0
2022-07-20,10.81311078,10.84531662,10.7486991,10.78090494,80145866.0
2022-07-21,10.72454472,10.74064764,10.45884654,10.47494946,197038789.0
2022-07-22,10.52412624,10.59789348,10.34380632,10.49953716,137650974.0
2022-07-25,10.4913408,10.5323226,10.38478812,10.50773352,76395581.0
2022-07-26,10.450359,10.58150076,10.41757356,10.58150076,102404881.0
2022-07-27,10.5323226,10.55691168,10.43396628,10.48314444,92391408.0
2022-07-28,10.49953716,10.58150076,10.47494808,10.55691168,75034652.0
2022-07-29,10.55691168,10.5733044,10.3683954,10.39298448,83149747.0
2022-08-01,10.37659176,10.37659176,10.1634864,10.17987912,102573271.0
2022-08-02,10.01595192,10.11430824,9.78645384,10.04873736,137300930.0
2022-08-03,9.99136284,10.05693372,9.84382836,9.86022108,74613653.0
2022-08-04,9.9175956,9.97497012,9.85202472,9.96677376,60267562.0
2022-08-05,9.94218468,10.10611188,9.81923928,10.08971916,76529787.0
2022-08-08,10.040541,10.13070096,9.96677376,9.9995592,55199969.0
2022-08-09,10.00775556,10.01595192,9.90120288,9.93398832,55844757.0
2022-08-10,9.93398832,10.03234464,9.85202472,9.88481016,68302321.0
2022-08-11,9.90120288,10.15529004,9.86841744,10.1225046,139930361.0
2022-08-12,10.04873736,10.17168276,9.9995592,10.14709368,82050356.0
2022-08-15,10.07332644,10.13070096,9.90939924,9.92579196,117201000.0
2022-08-16,9.92579196,9.9995592,9.9175956,9.94218468,63122370.0
2022-08-17,9.9585774,10.17987912,9.89300652,10.1634864,134850658.0
2022-08-18,10.22905728,10.27823544,9.96677376,10.040541,126970094.0
2022-08-19,10.05693372,10.450359,10.02414828,10.30282452,210641724.0
2022-08-22,10.31102088,10.39298448,10.17168276,10.24545,113807658.0
2022-08-23,10.2044682,10.23725364,10.06513008,10.11430824,92146307.0
2022-08-24,10.10611188,10.27823544,10.10611188,10.1634864,129537533.0
2022-08-25,10.1634864,10.37659176,10.0815228,10.34380632,106401061.0
2022-08-26,10.39298448,10.450359,10.21266456,10.33560996,92763426.0
2022-08-29,10.24545,10.29462816,10.08971916,10.17987912,92449065.0
2022-08-30,10.18807548,10.27823544,10.06513008,10.22905728,79971238.0
2022-08-31,10.14709368,10.47494808,10.13070096,10.450359,165304158.0
2022-09-01,10.3683954,10.48314444,10.31102088,10.33560996,86198195.0
2022-09-02,10.34380632,10.40118084,10.18807548,10.25364636,78636281.0
2022-09-05,10.21266456,10.3274136,10.13889732,10.30282452,63203998.0
2022-09-06,10.31102088,10.37659176,10.18807548,10.24545,73129499.0
2022-09-07,10.17987912,10.17987912,10.06513008,10.10611188,97981281.0
2022-09-08,10.09791552,10.19627184,10.0815228,10.13070096,62111692.0
2022-09-09,10.1634864,10.44216264,10.13070096,10.42576992,195129731.0
2022-09-13,10.55691168,10.67166072,10.37659176,10.6142862,172268989.0
2022-09-14,10.450359,10.54871532,10.4093772,10.43396628,85803584.0
2022-09-15,10.4913408,10.7372316,10.46675172,10.655268,184101788.0
2022-09-16,10.58969712,10.6142862,10.29462816,10.29462816,135744781.0
2022-09-19,10.27823544,10.38478812,10.22905728,10.30282452,63212104.0
2022-09-20,10.33560996,10.35200268,10.09791552,10.11430824,88998853.0
2022-09-21,10.08971916,10.22905728,9.9995592,10.18807548,68419739.0
2022-09-22,10.10611188,10.13070096,10.040541,10.07332644,58613338.0
2022-09-23,10.03234464,10.18807548,10.02414828,10.07332644,58644106.0
2022-09-26,9.96677376,10.06513008,9.82743564,9.835632,90372904.0
2022-09-27,9.835632,9.96677376,9.67990116,9.9585774,78962229.0
2022-09-28,9.90939924,10.040541,9.77006112,9.92579196,78092558.0
2022-09-29,10.040541,10.06513008,9.68809752,9.72088296,91771804.0
2022-09-30,9.72907932,9.80284656,9.69629388,9.70449024,53723019.0
2022-10-10,9.5897412,9.64711572,9.39302856,9.40122492,96608018.0
2022-10-11,9.45859944,9.49138488,9.35204676,9.40942128,41525337.0
2022-10-12,9.3848322,9.52417032,9.3028686,9.5077776,55957243.0
2022-10-13,9.43401036,9.45859944,9.27008316,9.29467224,85261597.0
2022-10-14,9.3848322,9.53236668,9.3438504,9.45040308,109606158.0
2022-10-17,9.36024312,9.44220672,9.29467224,9.40942128,102482271.0
2022-10-18,9.4667958,9.54056304,9.39302856,9.40942128,94683709.0
2022-10-19,9.36024312,9.41761764,9.24549408,9.25369044,92398968.0
2022-10-20,9.20451228,9.27008316,9.14713776,9.1799232,78192323.0
2022-10-21,9.18811956,9.220905,9.07337052,9.08976324,78557429.0
2022-10-24,9.08976324,9.0979596,8.69633796,8.70453432,138339065.0
2022-10-25,8.7701052,8.86026516,8.6881416,8.7291234,131697940.0
2022-10-26,8.72092704,8.79469428,8.69633796,8.73731976,114382988.0
2022-10-27,8.7701052,8.82747972,8.73731976,8.75371248,95738346.0
2022-10-28,8.71273068,8.7701052,8.53241076,8.54060712,105794701.0
2022-10-31,8.46683988,8.5651962,8.37667992,8.47503624,98309569.0
2022-11-01,8.50782168,8.75371248,8.49142896,8.74551612,138123413.0
2022-11-02,8.69633796,8.75371248,8.58978528,8.71273068,130298818.0
2022-11-03,8.63896344,8.66355252,8.50782168,8.55699984,98353561.0
2022-11-04,8.5242144,8.8930506,8.51601804,8.86846152,177611223.0
2022-11-07,8.86026516,8.94222876,8.79469428,8.91763968,98808204.0
2022-11-08,8.92583604,8.95042512,8.83567608,8.8930506,58322205.0
2022-11-09,8.88485424,9.08156688,8.86846152,8.92583604,83210685.0
2022-11-10,8.84387244,8.9340324,8.76190884,8.90944332,55202119.0
2022-11-11,9.12254868,9.55695576,9.02419236,9.36843948,254507055.0
2022-11-14,9.5897412,10.06513008,9.5897412,9.7946502,387208410.0
2022-11-15,9.72088296,9.98316648,9.69629388,9.84382836,157390134.0
2022-11-16,9.81104292,9.8766138,9.66350844,9.68809752,127869288.0
2022-11-17,9.67990116,9.70449024,9.49138488,9.58154484,109104716.0
2022-11-18,9.62252664,9.65531208,9.48318852,9.49958124,86809329.0
2022-11-21,9.40942128,9.425814,9.19631592,9.39302856,104773707.0
2022-11-22,9.39302856,9.77825748,9.37663584,9.68809752,149132388.0
2022-11-23,9.65531208,9.8766138,9.60613392,9.68809752,124765653.0
2022-11-24,9.77006112,9.82743564,9.58154484,9.64711572,79671882.0
2022-11-25,9.66350844,10.02414828,9.64711572,9.97497012,176072817.0
2022-11-28,9.7536684,9.77006112,9.58154484,9.67990116,133156295.0
2022-11-29,9.96677376,10.64707164,9.94218468,10.64707164,474927650.0
2022-11-30,10.5733044,10.93394424,10.50773352,10.67985708,320962830.0
2022-12-01,10.96672968,11.19622776,10.71264252,10.7372316,200268883.0
2022-12-02,10.77001704,10.7782134,10.40118084,10.5733044,140420278.0
2022-12-05,10.72903524,11.12246052,10.66346436,11.08967508,228762742.0
2022-12-06,10.93394424,11.19622776,10.860177,11.00771148,125257891.0
2022-12-07,10.92574788,10.95853332,10.67985708,10.7782134,137737690.0
2022-12-08,10.7782134,11.08147872,10.75362432,10.95033696,106572280.0
2022-12-09,10.9831224,11.269995,10.9421406,11.2290132,161583192.0
2022-12-12,11.13065688,11.13065688,10.70444616,10.74542796,139258428.0
2022-12-13,10.7782134,10.95033696,10.77001704,10.85198064,90228513.0
2022-12-14,10.84378428,10.9831224,10.72083888,10.84378428,97406110.0
2022-12-15,10.77001704,10.88476608,10.60608984,10.7372316,83534926.0
2022-12-16,10.67166072,10.9831224,10.67166072,10.93394424,92425167.0
2022-12-19,10.92574788,11.04049692,10.6142862,10.68805344,103086606.0
2022-12-20,10.63067892,10.72083888,10.38478812,10.45855536,89621223.0
2022-12-21,10.5323226,10.64707164,10.44216264,10.56510804,61458964.0
2022-12-22,10.655268,10.7782134,10.5733044,10.6142862,67239430.0
2022-12-23,10.5323226,10.70444616,10.4913408,10.63887528,56442641.0
2022-12-26,10.64707164,10.68805344,10.41757356,10.46675172,79711987.0
2022-12-27,10.54871532,10.83558792,10.54871532,10.74542796,88600412.0
2022-12-28,10.78640976,10.96672968,10.655268,10.77001704,79119198.0
2022-12-29,10.71264252,10.76182068,10.5323226,10.67985708,66689009.0
2022-12-30,10.68805344,10.88476608,10.62248256,10.78640976,81803598.0
2023-01-03,10.8191952,11.3519586,10.6962498,11.28638772,219412794.0
2023-01-04,11.23720956,11.81915112,11.17163868,11.73718752,218968253.0
2023-01-05,11.8027584,12.08143464,11.77816932,11.86832928,166542518.0
2023-01-06,11.884722,12.06504192,11.86832928,11.98307832,119574471.0
2023-01-09,12.089631,12.19618368,11.90111472,12.1306128,105765911.0
2023-01-10,12.09782736,12.20438004,11.79456204,11.83554384,126942339.0
2023-01-11,11.8437402,12.11422008,11.79456204,12.02406012,83056612.0
2023-01-12,12.10602372,12.10602372,11.90931108,12.02406012,62569484.0
2023-01-13,12.02406012,12.2535582,11.9257038,12.2535582,94908583.0
2023-01-16,12.2535582,12.52403808,12.1715946,12.36011088,156003989.0
2023-01-17,12.40109268,12.44207448,12.10602372,12.26995092,93583454.0
2023-01-18,12.2535582,12.44207448,12.22077276,12.38469996,71843403.0
2023-01-19,12.40109268,12.499449,12.18798732,12.36830724,64187520.0
2023-01-20,12.42568176,12.49125264,12.29454,12.40109268,60859008.0
2023-01-30,12.7863216,12.90107064,12.20438004,12.4174854,137431750.0
2023-01-31,12.49125264,12.71255436,12.26175456,12.28634364,103049784.0
2023-02-01,12.31912908,12.36011088,11.89291836,12.0486492,165342148.0
2023-02-02,12.08143464,12.11422008,11.69620572,11.9666856,157790039.0
2023-02-03,11.8437402,11.9257038,11.60604576,11.73718752,124638298.0
2023-02-06,11.5568676,11.58145668,11.36015496,11.474904,131761010.0
2023-02-07,11.52408216,11.73718752,11.49949308,11.64702756,86946046.0
2023-02-08,11.67161664,11.73718752,11.49949308,11.50768944,65789257.0
2023-02-09,11.48310036,11.7207948,11.44211856,11.58145668,83035002.0
2023-02-10,11.5568676,11.57326032,11.36015496,11.45851128,84728366.0
2023-02-13,11.42572584,11.42572584,11.1470496,11.32736952,180005416.0
2023-02-14,11.3519586,11.45851128,11.3109768,11.44211856,90993709.0
2023-02-15,11.4339222,11.44211856,11.16344232,11.20442412,125024398.0
2023-02-16,11.21262048,11.40113676,11.065086,11.1470496,127912329.0
2023-02-17,11.17163868,11.24540592,11.00771148,11.00771148,91836369.0
2023-02-20,11.065086,11.5978494,11.05688964,11.5978494,211619117.0
2023-02-21,11.52408216,11.6388312,11.40933312,11.5568676,99049499.0
2023-02-22,11.474904,11.57326032,11.42572584,11.49129672,63892239.0
2023-02-23,11.474904,11.73718752,11.45851128,11.5158858,82449068.0
2023-02-24,11.49129672,11.49949308,11.3109768,11.36015496,72998904.0
2023-02-27,11.269995,11.37654768,11.21262048,11.22081684,62146193.0
2023-02-28,11.269995,11.3519586,11.15524596,11.29458408,60793592.0
2023-03-01,11.3109768,11.63063484,11.26179864,11.61424212,122345178.0
2023-03-02,11.58145668,11.83554384,11.52408216,11.67161664,101587684.0
2023-03-03,11.7617766,11.77816932,11.58965304,11.71259844,69095439.0
2023-03-06,11.7207948,11.7207948,11.24540592,11.3519586,145582414.0
2023-03-07,11.3519586,11.5568676,11.1880314,11.22081684,127926629.0
2023-03-08,11.17163868,11.17983504,10.9831224,11.08967508,109689791.0
2023-03-09,11.09787144,11.13065688,10.76182068,10.8191952,173606476.0
2023-03-10,10.655268,10.87656972,10.655268,10.77001704,85699610.0
2023-03-13,10.75362432,10.89296244,10.655268,10.6962498,100063496.0
2023-03-14,10.64707164,10.655268,10.43396628,10.54871532,114907558.0
2023-03-15,10.6962498,10.80280248,10.60608984,10.6962498,97936372.0
2023-03-16,10.56510804,10.67985708,10.4913408,10.50773352,91679249.0
2023-03-17,10.64707164,10.68805344,10.3683954,10.450359,155681414.0
2023-03-20,10.45855536,10.5323226,10.2864318,10.30282452,118881633.0
2023-03-21,10.3683954,10.47494808,10.24545,10.4093772,84074317.0
2023-03-22,10.450359,10.55691168,10.41757356,10.48314444,87669077.0
2023-03-23,10.4093772,10.5733044,10.35200268,10.5733044,80430604.0
2023-03-24,10.5323226,10.54051896,10.45855536,10.50773352,62151875.0
2023-03-27,10.4913408,10.49953716,10.21266456,10.3274136,100842214.0
2023-03-28,10.37659176,10.43396628,10.2864318,10.36019904,67386843.0
2023-03-29,10.43396628,10.44216264,10.24545,10.27003908,59606433.0
2023-03-30,10.2864318,10.41757356,10.17168276,10.39298448,82454624.0
2023-03-31,10.40118084,10.46675172,10.25364636,10.27003908,86549166.0
2023-04-03,10.2864318,10.40118084,10.21266456,10.38478812,74042886.0
2023-04-04,10.36019904,10.42576992,10.31921724,10.3683954,64745722.0
2023-04-06,10.3274136,10.33560996,10.24545,10.31102088,56332130.0
2023-04-07,10.30282452,10.40118084,10.24545,10.34380632,60792526.0
2023-04-10,10.36019904,10.4093772,10.31102088,10.39298448,64018181.0
2023-04-11,10.4093772,10.42576992,10.26184272,10.27823544,77777962.0
2023-04-12,10.31102088,10.31921724,10.2044682,10.22905728,90995706.0
2023-04-13,10.17168276,10.38478812,10.0815228,10.29462816,113159146.0
2023-04-14,10.3274136,10.5733044,10.31102088,10.40118084,129799484.0
2023-04-17,10.37659176,10.60608984,10.3274136,10.59789348,130421259.0
2023-04-18,10.59789348,10.8191952,10.56510804,10.655268,153893615.0
2023-04-19,10.67166072,10.71264252,10.51592988,10.5323226,101437815.0
2023-04-20,10.5733044,10.5733044,10.34380632,10.450359,81178841.0
2023-04-21,10.4093772,10.51592988,10.22905728,10.24545,91866839.0
2023-04-24,10.22905728,10.24545,9.86022108,9.9175956,146767192.0
2023-04-25,9.95038104,10.13889732,9.93398832,10.06513008,130190082.0
2023-04-26,10.040541,10.040541,9.82743564,9.93398832,99126040.0
2023-04-27,9.88481016,10.1225046,9.835632,10.04873736,100409337.0
2023-04-28,10.04873736,10.47494808,10.01595192,10.2864318,144525434.0
2023-05-04,10.1634864,10.51592988,9.99136284,10.43396628,147826438.0
2023-05-05,10.47494808,10.74542796,10.450359,10.58150076,176218865.0
2023-05-08,10.60608984,11.05688964,10.52412624,10.91755152,263071861.0
2023-05-09,10.9831224,11.1470496,10.76182068,10.78640976,242253445.0
2023-05-10,10.79460612,10.86837336,10.4913408,10.52412624,123705339.0
2023-05-11,10.6142862,10.75362432,10.4913408,10.5323226,90375844.0
2023-05-12,10.50773352,10.54871532,10.33560996,10.34380632,88560368.0
2023-05-15,10.39298448,10.5323226,10.2044682,10.51592988,92832563.0
2023-05-16,10.4913408,10.58969712,10.30282452,10.34380632,99830169.0
2023-05-17,10.31102088,10.36019904,10.19627184,10.23725364,75462120.0
2023-05-18,10.30282452,10.36019904,10.18807548,10.23725364,68718687.0
2023-05-19,10.18807548,10.19627184,10.09791552,10.11430824,68841368.0
2023-05-22,10.08971916,10.2044682,10.08971916,10.14709368,54932785.0
2023-05-23,10.14709368,10.17168276,10.00775556,10.00775556,69436436.0
2023-05-24,9.9995592,10.00775556,9.84382836,9.84382836,82425088.0
2023-05-25,9.82743564,9.835632,9.67990116,9.77825748,88274430.0
2023-05-26,9.77825748,9.94218468,9.70449024,9.9175956,51142864.0
2023-05-29,9.92579196,9.94218468,9.7946502,9.81923928,56607382.0
2023-05-30,9.81923928,9.82743564,9.6717048,9.72907932,76399692.0
2023-05-31,9.68809752,9.70449024,9.49138488,9.5077776,117958671.0
2023-06-01,9.5077776,9.57334848,9.425814,9.49958124,74302293.0
2023-06-02,9.57334848,9.81104292,9.54056304,9.77825748,122184253.0
2023-06-05,9.73727568,9.835632,9.68809752,9.76186476,52184619.0
2023-06-06,9.76186476,9.90939924,9.68809752,9.70449024,83327347.0
2023-06-07,9.74547204,9.89300652,9.73727568,9.78645384,64369784.0
2023-06-08,9.80284656,9.9995592,9.72088296,9.93398832,86939712.0
2023-06-09,9.88481016,9.90939924,9.7126866,9.73727568,131528476.0
2023-06-12,9.68809752,9.7536684,9.63891936,9.66350844,75874703.0
2023-06-13,9.63891936,9.70449024,9.58154484,9.64711572,84998805.0
2023-06-14,9.69748395,9.84861357,9.62191914,9.63031523,106920004.0
2023-06-15,9.64710741,9.76465267,9.56314651,9.74786049,92530056.0
2023-06-16,9.74786049,9.79823703,9.71427613,9.76465267,84203365.0
2023-06-19,9.76465267,9.76465267,9.57993869,9.61352305,95399707.0
2023-06-20,9.60512696,9.62191914,9.52956215,9.53795824,54455079.0
2023-06-21,9.53795824,9.63871132,9.52116606,9.52956215,61658296.0
2023-06-26,9.4875817,9.4875817,9.36164035,9.38682862,67657743.0
2023-06-27,9.4036208,9.50437388,9.37843253,9.47078952,46170178.0
2023-06-28,9.47078952,9.51276997,9.42041298,9.4875817,36539644.0
2023-06-29,9.47918561,9.47918561,9.37843253,9.38682862,48590630.0
2023-06-30,9.38682862,9.49597779,9.36164035,9.42880907,51905258.0
2023-07-03,9.43720516,9.68069177,9.42880907,9.64710741,88509071.0
2023-07-04,9.62191914,9.64710741,9.50437388,9.5715426,61630056.0
2023-07-05,9.53795824,9.5715426,9.4875817,9.52116606,42348240.0
2023-07-06,9.4875817,9.52116606,9.41201689,9.43720516,59709591.0
2023-07-07,9.4036208,9.46239343,9.38682862,9.4036208,48444083.0
2023-07-10,9.44560125,9.47078952,9.37843253,9.4036208,49588228.0
2023-07-11,9.42041298,9.45399734,9.39522471,9.41201689,57080909.0
2023-07-12,9.42880907,9.53795824,9.42041298,9.43720516,73608367.0
2023-07-13,9.50437388,9.63031523,9.46239343,9.59673087,112422973.0
2023-07-14,9.59673087,9.69748395,9.5715426,9.62191914,71914699.0
2023-07-17,9.57993869,9.57993869,9.45399734,9.49597779,60834258.0
2023-07-18,9.47918561,9.50437388,9.42041298,9.44560125,47196618.0
2023-07-19,9.42880907,9.50437388,9.42880907,9.49597779,38219596.0
2023-07-20,9.51276997,9.60512696,9.47918561,9.50437388,55406957.0
2023-07-21,9.49597779,9.56314651,9.47078952,9.52116606,37710256.0
2023-07-24,9.51276997,9.51276997,9.43720516,9.45399734,42685218.0
2023-07-25,9.61352305,9.84861357,9.60512696,9.84021748,203295819.0
2023-07-26,9.78144485,9.85700966,9.70588004,9.79823703,75166268.0
2023-07-27,9.80663312,9.96615883,9.78144485,9.86540575,111519586.0
2023-07-28,9.81502921,10.3271907,9.79823703,10.29360634,234701346.0
2023-07-31,10.3271907,10.4951125,10.26841807,10.34398288,185495239.0
2023-08-01,10.29360634,10.38596333,10.18445717,10.20964544,95773478.0
2023-08-02,10.12568454,10.27681416,10.01653537,10.10049627,111590004.0
2023-08-03,10.06691191,10.38596333,10.03332755,10.35237897,117584771.0
2023-08-04,10.42794378,10.52030077,10.25162589,10.3271907,130313102.0
2023-08-07,10.25162589,10.28521025,10.17606108,10.20964544,64691326.0
2023-08-08,10.17606108,10.25162589,10.075308,10.1592689,72570456.0
2023-08-09,10.12568454,10.2432298,10.11728845,10.21804153,57760774.0
2023-08-10,10.20124935,10.25162589,10.12568454,10.20964544,47559453.0
2023-08-11,10.21804153,10.30200243,9.98295101,9.98295101,94353857.0
2023-08-14,9.87380184,9.89059402,9.73106831,9.79823703,97592018.0
2023-08-15,9.81502921,9.9073862,9.7394644,9.84861357,71281277.0
2023-08-16,9.79823703,9.94936665,9.74786049,9.84861357,57290437.0
2023-08-17,9.79823703,9.8234253,9.62191914,9.71427613,96505775.0
2023-08-18,9.72267222,9.85700966,9.68069177,9.70588004,65981885.0
2023-08-21,9.70588004,9.72267222,9.50437388,9.50437388,70149785.0
2023-08-22,9.55475042,9.61352305,9.49597779,9.54635433,60680809.0
2023-08-23,9.52956215,9.58833478,9.43720516,9.44560125,69180998.0
2023-08-24,9.47918561,9.50437388,9.27767945,9.34484817,129127070.0
2023-08-25,9.3196599,9.51276997,9.30286772,9.42880907,84534992.0
2023-08-28,9.94097056,10.01653537,9.64710741,9.67229568,199760987.0
2023-08-29,9.63031523,9.64710741,9.34484817,9.49597779,196496143.0
2023-08-30,9.46239343,9.46239343,9.34484817,9.34484817,137563829.0
2023-08-31,9.35324426,9.42041298,9.33645208,9.34484817,80647403.0
2023-09-01,9.39522471,9.53795824,9.39522471,9.50437388,113870483.0
2023-09-04,9.52956215,9.73106831,9.51276997,9.70588004,141002923.0
2023-09-05,9.6555035,9.66389959,9.53795824,9.56314651,80417716.0
2023-09-06,9.51276997,9.62191914,9.4875817,9.59673087,63484051.0
2023-09-07,9.5715426,9.60512696,9.50437388,9.51276997,54004157.0
2023-09-08,9.47078952,9.50437388,9.42880907,9.46239343,47902967.0
2023-09-11,9.4875817,9.5715426,9.46239343,9.52116606,65448558.0
2023-09-12,9.52956215,9.52956215,9.44560125,9.47078952,49548506.0
2023-09-13,9.47918561,9.50437388,9.41201689,9.44560125,49021797.0
2023-09-14,9.47078952,9.51276997,9.44560125,9.47918561,55165017.0
2023-09-15,9.52956215,9.5715426,9.4036208,9.42041298,89047613.0
2023-09-18,9.42041298,9.43720516,9.35324426,9.42880907,50132501.0
2023-09-19,9.42041298,9.42880907,9.37003644,9.41201689,50366432.0
2023-09-20,9.4036208,9.42041298,9.36164035,9.36164035,55887241.0
2023-09-21,9.35324426,9.35324426,9.26928336,9.27767945,84393011.0
2023-09-22,9.26088727,9.44560125,9.26088727,9.43720516,91148430.0
2023-09-25,9.43720516,9.50437388,9.39522471,9.42041298,76121125.0
2023-09-26,9.42041298,9.45399734,9.35324426,9.37003644,44498035.0
2023-09-27,9.36164035,9.42041298,9.36164035,9.37843253,49031061.0
2023-09-28,9.39522471,9.43720516,9.38682862,9.4036208,52069678.0
2023-10-09,9.37003644,9.37843253,9.28607554,9.32805599,69582809.0
2023-10-10,9.39522471,9.4036208,9.25249118,9.25249118,82074851.0
2023-10-11,9.31126381,9.31126381,9.20211464,9.21890682,72411569.0
2023-10-12,9.32805599,9.37003644,9.26928336,9.32805599,85305750.0
2023-10-13,9.26088727,9.29447163,9.19371855,9.235699,68448308.0
2023-10-16,9.235699,9.26088727,9.19371855,9.24409509,50162432.0
2023-10-17,9.24409509,9.27767945,9.20211464,9.25249118,49352505.0
2023-10-18,9.22730291,9.25249118,9.16013419,9.19371855,65182492.0
2023-10-19,9.16013419,9.16853028,8.89145931,8.8998554,118896083.0
2023-10-20,8.85787495,8.95862803,8.82429059,8.8998554,52613912.0
2023-10-23,8.89145931,8.8998554,8.75712187,8.8158945,53040448.0
2023-10-24,8.84947886,8.90825149,8.76551796,8.85787495,76065269.0
2023-10-25,8.82429059,8.84947886,8.69834924,8.71514142,141144968.0
2023-10-26,8.65636879,8.74872578,8.6479727,8.74032969,59999147.0
2023-10-27,8.71514142,8.79910232,8.67316097,8.77391405,91977136.0
2023-10-30,8.7319336,8.79070623,8.68995315,8.77391405,80568955.0
2023-10-31,8.75712187,8.80749841,8.74032969,8.78231014,65285523.0
2023-11-01,8.85787495,8.86627104,8.77391405,8.79910232,56730035.0
2023-11-02,8.8158945,8.8998554,8.79070623,8.79910232,61942995.0
2023-11-03,8.80749841,8.83268668,8.75712187,8.79910232,70546347.0
2023-11-06,8.82429059,8.97542021,8.82429059,8.97542021,100706221.0
2023-11-07,8.95023194,8.95023194,8.88306322,8.8998554,64086612.0
2023-11-08,8.88306322,8.8998554,8.77391405,8.8158945,87781875.0
2023-11-09,8.78231014,8.83268668,8.75712187,8.80749841,63913648.0
2023-11-10,8.77391405,8.79070623,8.63957661,8.6479727,104504417.0
2023-11-13,8.65636879,8.67316097,8.58080398,8.60599225,77004310.0
2023-11-14,8.59759616,8.67316097,8.58920007,8.62278443,59685888.0
2023-11-15,8.70674533,8.77391405,8.68155706,8.70674533,110914015.0
2023-11-16,8.71514142,8.72353751,8.58920007,8.59759616,92262194.0
2023-11-17,8.58080398,8.60599225,8.49684308,8.52203135,90336217.0
2023-11-20,8.52203135,8.58080398,8.4800509,8.55561571,63952831.0
2023-11-21,8.58920007,8.68995315,8.58080398,8.63118052,104116573.0
2023-11-22,8.61438834,8.65636879,8.51363526,8.53042744,73748951.0
2023-11-23,8.52203135,8.53042744,8.45486263,8.52203135,84665587.0
2023-11-24,8.48844699,8.50523917,8.46325872,8.4800509,68469456.0
2023-11-27,8.47165481,8.47165481,8.37090173,8.40448609,83618785.0
2023-11-28,8.38769391,8.41288218,8.35410955,8.35410955,78617469.0
2023-11-29,8.35410955,8.37090173,8.1442073,8.16099948,146759662.0
2023-11-30,8.13581121,8.16939557,8.07703858,8.12741512,90176457.0
2023-12-01,8.10222685,8.12741512,8.04345422,8.11062294,77805699.0
2023-12-04,8.11901903,8.12741512,8.06864249,8.08543467,60543785.0
2023-12-05,8.06864249,8.07703858,7.95109723,7.95949332,78737848.0
2023-12-06,7.92590896,8.03505813,7.8923246,7.9762855,75305592.0
2023-12-07,7.96788941,7.96788941,7.87553242,7.92590896,58538019.0
2023-12-08,7.90072069,7.93430505,7.8083637,7.8083637,102115150.0
2023-12-11,7.74119498,7.87553242,7.66563017,7.85034415,113366281.0
2023-12-12,7.81675979,7.9762855,7.8083637,7.90911678,85501642.0
2023-12-13,7.87553242,7.88392851,7.68242235,7.69081844,106130165.0
2023-12-14,7.73279889,7.79157152,7.68242235,7.68242235,74290056.0
2023-12-15,7.7244028,7.85034415,7.71600671,7.73279889,98893942.0
2023-12-18,7.70761062,7.75798716,7.63204581,7.66563017,65442562.0
2023-12-19,7.65723408,7.69921453,7.61525363,7.6404419,64407088.0
2023-12-20,7.64883799,7.68242235,7.58166927,7.58166927,71563363.0
2023-12-21,7.56487709,7.71600671,7.54808491,7.69921453,101704676.0
2023-12-22,7.71600671,7.79157152,7.64883799,7.7244028,100564502.0
2023-12-25,7.70761062,7.7244028,7.67402626,7.71600671,41397088.0
2023-12-26,7.71600671,7.7244028,7.61525363,7.6404419,54189633.0
2023-12-27,7.6404419,7.66563017,7.57327318,7.65723408,64153435.0
2023-12-28,7.64883799,7.95109723,7.62364972,7.93430505,166159184.0
2023-12-29,7.90911678,7.95949332,7.85034415,7.88392851,85385279.0
2024-01-02,7.88392851,7.90911678,7.73279889,7.73279889,115836645.0
2024-01-03,7.71600671,7.74119498,7.68242235,7.7244028,73361031.0
2024-01-04,7.71600671,7.71600671,7.62364972,7.64883799,86419399.0
2024-01-05,7.6404419,7.92590896,7.61525363,7.78317543,199162216.0
2024-01-08,7.74959107,7.8083637,7.64883799,7.68242235,112115619.0
2024-01-09,7.69081844,7.71600671,7.63204581,7.70761062,76619388.0
2024-01-10,7.69081844,7.71600671,7.63204581,7.63204581,85862091.0
2024-01-11,7.62364972,7.74119498,7.58166927,7.69921453,93468637.0
2024-01-12,7.66563017,7.78317543,7.64883799,7.71600671,77258215.0
2024-01-15,7.69081844,7.79996761,7.66563017,7.73279889,74513266.0
2024-01-16,7.71600671,7.85034415,7.69081844,7.84194806,143831258.0
2024-01-17,7.83355197,7.88392851,7.74959107,7.74959107,148229621.0
2024-01-18,7.73279889,7.75798716,7.556481,7.7244028,175513247.0
2024-01-19,7.69081844,7.7244028,7.6404419,7.69921453,96398142.0
2024-01-22,7.69081844,7.77477934,7.59006536,7.6404419,158031966.0
2024-01-23,7.59846145,7.70761062,7.52289664,7.69081844,113554458.0
2024-01-24,7.74959107,7.84194806,7.61525363,7.83355197,175912316.0
2024-01-25,7.83355197,8.00986986,7.78317543,7.9762855,216251395.0
2024-01-26,7.95109723,8.11901903,7.92590896,8.07703858,227228706.0
2024-01-29,8.13581121,8.29533692,8.04345422,8.1442073,237625184.0
2024-01-30,8.06864249,8.1442073,7.96788941,7.9762855,157912214.0
2024-01-31,7.94270114,8.02666204,7.87553242,7.94270114,135721747.0
2024-02-01,7.90072069,7.95949332,7.84194806,7.90072069,105525987.0
2024-02-02,7.90911678,7.95109723,7.61525363,7.78317543,163421431.0
2024-02-05,7.71600671,7.91751287,7.64883799,7.87553242,180359190.0
2024-02-06,7.8083637,8.12741512,7.79996761,8.12741512,199540954.0
2024-02-07,8.07703858,8.11901903,7.95949332,8.06864249,206201497.0
2024-02-08,8.04345422,8.11901903,7.99307768,8.11901903,165681384.0
2024-02-19,8.19458384,8.23656429,8.10222685,8.23656429,160524265.0
2024-02-20,8.21977211,8.26175256,8.16939557,8.24496038,112356398.0
2024-02-21,8.21137602,9.0677772,8.20297993,9.0677772,505528460.0
2024-02-22,8.94183585,9.16013419,8.91664758,9.1517381,492232512.0
2024-02-23,9.13494592,9.43720516,9.10136156,9.10975765,356747950.0
2024-02-26,9.05098502,9.13494592,8.8158945,8.84108277,286260888.0
2024-02-27,8.80749841,8.8998554,8.78231014,8.8158945,198190492.0
2024-02-28,8.82429059,8.9838163,8.7319336,8.80749841,308269265.0
2024-02-29,8.74872578,8.89145931,8.74032969,8.89145931,184534423.0
2024-03-01,8.89145931,8.8998554,8.75712187,8.80749841,182810290.0
2024-03-04,8.77391405,8.8158945,8.66476488,8.67316097,165592954.0
2024-03-05,8.6479727,8.79070623,8.61438834,8.75712187,181731907.0
2024-03-06,8.7319336,8.77391405,8.67316097,8.67316097,134564016.0
2024-03-07,8.67316097,8.93343976,8.67316097,8.71514142,201616589.0
2024-03-08,8.68995315,8.76551796,8.6479727,8.71514142,111397428.0
2024-03-11,8.71514142,8.79070623,8.68155706,8.79070623,121067298.0
2024-03-12,8.79910232,8.89145931,8.74032969,8.86627104,164126237.0
2024-03-13,8.84108277,8.85787495,8.6479727,8.67316097,176803911.0
2024-03-14,8.6479727,8.71514142,8.5640118,8.58920007,140939973.0
2024-03-15,8.85787495,9.02579675,8.8158945,8.8998554,375020789.0
2024-03-18,8.86627104,8.90825149,8.80749841,8.84947886,167139651.0
2024-03-19,8.84108277,8.84947886,8.72353751,8.7319336,129321558.0
2024-03-20,8.71514142,8.79070623,8.70674533,8.77391405,87266316.0
2024-03-21,8.77391405,8.83268668,8.74872578,8.79070623,86446625.0
2024-03-22,8.77391405,8.77391405,8.65636879,8.69834924,102814174.0
2024-03-25,8.68995315,8.80749841,8.66476488,8.7319336,95320221.0
2024-03-26,8.77391405,8.95023194,8.74872578,8.8998554,174002146.0
2024-03-27,8.86627104,8.92504367,8.82429059,8.84108277,127413599.0
2024-03-28,8.82429059,8.87466713,8.71514142,8.80749841,130218892.0
2024-03-29,8.77391405,8.87466713,8.75712187,8.83268668,87275898.0
2024-04-01,8.83268668,8.94183585,8.82429059,8.93343976,119108796.0
2024-04-02,8.92504367,8.96702412,8.84108277,8.85787495,108545826.0
2024-04-03,8.84108277,8.85787495,8.74872578,8.78231014,98184585.0
2024-04-08,8.74872578,8.80749841,8.70674533,8.75712187,90636052.0
2024-04-09,8.75712187,8.79070623,8.69834924,8.7319336,85715673.0
2024-04-10,8.71514142,8.74032969,8.62278443,8.63118052,124639082.0
2024-04-11,8.59759616,8.63957661,8.49684308,8.60599225,101021340.0
2024-04-12,8.58080398,8.62278443,8.42967436,8.44646654,130545371.0
2024-04-15,8.45486263,8.66476488,8.44646654,8.63957661,145320260.0
2024-04-16,8.63118052,8.72353751,8.58080398,8.63118052,147803643.0
2024-04-17,8.61438834,8.92504367,8.57240789,8.91664758,223264057.0
2024-04-18,8.88306322,9.26088727,8.86627104,9.0677772,316591426.0
2024-04-19,8.99221239,9.08456938,8.95023194,8.97542021,145767502.0
2024-04-22,8.93343976,9.07617329,8.77391405,8.8158945,200981837.0
2024-04-23,8.82429059,8.94183585,8.78231014,8.84947886,124002700.0
2024-04-24,8.83268668,8.87466713,8.78231014,8.84108277,94156774.0
2024-04-25,8.8158945,8.91664758,8.79910232,8.90825149,111381224.0
2024-04-26,8.89145931,8.95862803,8.79910232,8.8998554,160762751.0
2024-04-29,8.86627104,9.1517381,8.83268668,9.07617329,216917737.0
2024-04-30,9.0677772,9.13494592,9.00900457,9.05938111,132455653.0
2024-05-06,9.20211464,9.32805599,9.10136156,9.14334201,178410057.0
2024-05-07,9.12654983,9.14334201,9.03419284,9.13494592,108705665.0
2024-05-08,9.10136156,9.13494592,8.99221239,9.00900457,122179127.0
2024-05-09,8.99221239,9.08456938,8.99221239,9.03419284,106946063.0
2024-05-10,9.04258893,9.20211464,9.03419284,9.18532246,176783561.0
2024-05-13,9.1517381,9.24409509,9.07617329,9.21051073,140249860.0
2024-05-14,9.235699,9.28607554,9.13494592,9.16013419,107578391.0
2024-05-15,9.1517381,9.16853028,9.07617329,9.09296547,86829660.0
2024-05-16,9.10975765,9.41201689,9.09296547,9.37843253,307629165.0
2024-05-17,9.38682862,9.58833478,9.34484817,9.58833478,284174885.0
2024-05-20,9.59673087,9.68069177,9.49597779,9.55475042,217021030.0
2024-05-21,9.50437388,9.75625658,9.49597779,9.69748395,203004941.0
2024-05-22,9.70588004,9.85700966,9.62191914,9.70588004,211553138.0
2024-05-23,9.68069177,9.73106831,9.54635433,9.5715426,184162290.0
2024-05-24,9.54635433,9.64710741,9.4875817,9.49597779,139827584.0
2024-05-27,9.49597779,9.68069177,9.49597779,9.66389959,145436143.0
2024-05-28,9.6555035,9.72267222,9.53795824,9.5715426,120432285.0
2024-05-29,9.55475042,9.61352305,9.42880907,9.45399734,144481111.0
2024-05-30,9.43720516,9.52116606,9.28607554,9.33645208,132549635.0
2024-05-31,9.35324426,9.39522471,9.32805599,9.32805599,82670676.0
2024-06-03,9.33645208,9.34484817,9.16013419,9.21890682,132669675.0
2024-06-04,9.19371855,9.27767945,9.16013419,9.25249118,98100495.0
2024-06-05,9.26928336,9.29447163,9.12654983,9.12654983,101896775.0
2024-06-06,9.1517381,9.21890682,9.13494592,9.1517381,104933153.0
2024-06-07,9.16853028,9.24409509,9.14334201,9.22730291,117012604.0
2024-06-11,9.21890682,9.25249118,9.05938111,9.12654983,133762854.0
2024-06-12,9.10975765,9.16013419,9.05098502,9.13494592,95742635.0
2024-06-13,9.14334201,9.17692637,9.0677772,9.0677772,120350779.0
2024-06-14,9.13074715,9.20271363,8.98681419,9.15773458,163799047.0
2024-06-17,9.11275553,9.13974296,9.06777648,9.0857681,68121702.0
2024-06-18,9.09476391,9.13974296,9.03179324,9.06777648,70065308.0
2024-06-19,9.0857681,9.18472201,9.06777648,9.13074715,79618418.0
2024-06-20,9.13974296,9.14873877,9.04078905,9.04078905,62962757.0
2024-06-21,9.04078905,9.07677229,8.95083095,8.99581,83054528.0
2024-06-24,8.96882257,9.05878067,8.88786028,8.97781838,94708154.0
2024-06-25,8.98681419,9.11275553,8.97781838,9.06777648,76999281.0
2024-06-26,9.04978486,9.11275553,9.01380162,9.06777648,62859871.0
2024-06-27,9.04978486,9.18472201,8.99581,9.11275553,92888197.0
2024-06-28,9.0857681,9.22970106,9.07677229,9.13074715,91808992.0
2024-07-01,9.07677229,9.31066335,9.03179324,9.31066335,134305149.0
2024-07-02,9.2656843,9.42760888,9.24769268,9.3556424,138438570.0
2024-07-03,9.3556424,9.38262983,9.25668849,9.27468011,71306746.0
2024-07-04,9.2656843,9.33765078,9.22070525,9.22970106,73504424.0
2024-07-05,9.22970106,9.25668849,8.92384352,8.96882257,171335386.0
2024-07-08,8.94183514,9.01380162,8.86087285,8.93283933,86865962.0
2024-07-09,8.94183514,9.0857681,8.91484771,9.05878067,103248530.0
2024-07-10,9.05878067,9.1757262,9.04078905,9.12175134,87386511.0
2024-07-11,9.18472201,9.20271363,9.05878067,9.11275553,72139225.0
2024-07-12,9.10375972,9.27468011,9.10375972,9.27468011,121416369.0
2024-07-15,9.27468011,9.31066335,9.22970106,9.29267173,86941247.0
2024-07-16,9.29267173,9.32865497,9.21170944,9.2656843,94300811.0
2024-07-17,9.2656843,9.37363402,9.24769268,9.3556424,122016835.0
2024-07-18,9.33765078,9.38262983,9.2656843,9.36463821,108706102.0
2024-07-19,9.33765078,9.37363402,9.25668849,9.32865497,89872324.0
2024-07-22,9.31965916,9.33765078,9.16673039,9.20271363,99448087.0
2024-07-23,9.22070525,9.29267173,9.13974296,9.15773458,102015363.0
2024-07-24,9.15773458,9.21170944,9.10375972,9.11275553,72451757.0
2024-07-25,9.10375972,9.13074715,8.99581,9.07677229,85640443.0
2024-07-26,9.0857681,9.10375972,8.96882257,9.02279743,92955195.0
2024-07-29,9.01380162,9.12175134,8.96882257,9.09476391,78155243.0
2024-07-30,9.0857681,9.11275553,9.02279743,9.06777648,61326795.0
2024-07-31,9.06777648,9.24769268,9.05878067,9.23869687,109690634.0
2024-08-01,9.22070525,9.28367592,9.14873877,9.23869687,73388377.0
2024-08-02,9.19371782,9.22070525,9.11275553,9.12175134,59022876.0
2024-08-05,9.09476391,9.19371782,9.04078905,9.04078905,75897852.0
2024-08-06,9.05878067,9.10375972,8.89685609,8.93283933,126553691.0
2024-08-07,8.95083095,8.97781838,8.91484771,8.93283933,51760842.0
2024-08-08,8.92384352,8.97781838,8.9058519,8.94183514,50041067.0
2024-08-09,8.95982676,9.0857681,8.94183514,9.03179324,73027396.0
2024-08-12,9.01380162,9.04078905,8.97781838,9.00480581,35301346.0
2024-08-13,9.01380162,9.02279743,8.92384352,8.95083095,62207720.0
2024-08-14,8.94183514,8.97781838,8.91484771,8.92384352,43638038.0
2024-08-15,8.92384352,9.04978486,8.87886447,9.02279743,77624747.0
2024-08-16,9.06777648,9.18472201,9.04078905,9.11275553,126036761.0
2024-08-19,9.11275553,9.2656843,9.10375972,9.25668849,148298526.0
2024-08-20,9.28367592,9.38262983,9.24769268,9.30166754,156918665.0
2024-08-21,9.2656843,9.33765078,9.18472201,9.31066335,103488781.0
2024-08-22,9.30166754,9.40062145,9.28367592,9.33765078,110903039.0
2024-08-23,9.34664659,9.4456005,9.28367592,9.41861307,107190571.0
2024-08-26,9.4456005,9.49057955,9.37363402,9.43660469,74067524.0
2024-08-27,9.41861307,9.46359212,9.32865497,9.38262983,72313658.0
2024-08-28,9.36463821,9.38262983,9.24769268,9.29267173,94254754.0
2024-08-29,9.27468011,9.33765078,9.09476391,9.11275553,119767631.0
2024-08-30,9.09476391,9.22970106,9.09476391,9.13974296,129405908.0
2024-09-02,9.10375972,9.18472201,9.07677229,9.09476391,96883550.0
2024-09-03,9.09476391,9.11275553,8.99581,9.06777648,91658122.0
2024-09-04,9.04078905,9.13074715,8.99581,9.01380162,84799233.0
2024-09-05,9.02279743,9.06777648,8.97781838,9.05878067,59420876.0
2024-09-06,9.04978486,9.18472201,9.04078905,9.06777648,87886543.0
2024-09-09,9.04078905,9.05878067,8.85187704,8.86087285,163917451.0
2024-09-10,8.86986866,8.92384352,8.79790218,8.9058519,76790114.0
2024-09-11,8.88786028,8.88786028,8.66296503,8.68095665,110872704.0
2024-09-12,8.68095665,8.78890637,8.64497341,8.76191894,58183405.0
2024-09-13,8.75292313,8.83388542,8.7259357,8.7259357,56646190.0
2024-09-18,8.74392732,8.79790218,8.68995246,8.78890637,44361099.0
2024-09-19,8.80689799,8.85187704,8.70794408,8.82488961,68429311.0
2024-09-20,8.82488961,8.9058519,8.79790218,8.9058519,79729714.0
2024-09-23,8.89685609,9.07677229,8.87886447,9.03179324,89690755.0
2024-09-24,9.09476391,9.32865497,9.06777648,9.32865497,163821319.0
2024-09-25,9.46359212,9.6255167,9.40062145,9.4456005,216069398.0
2024-09-26,9.4456005,10.03032815,9.4456005,10.03032815,308645720.0
2024-09-27,10.21024435,10.39915636,9.92237843,10.27321502,384001637.0
2024-09-30,10.45313122,11.0648463,10.39915636,10.98388401,543028364.0
2024-10-08,12.08137283,12.08137283,11.10082954,11.58660328,588897778.0
2024-10-09,11.36170803,11.36170803,10.48911446,10.50710608,426934506.0
2024-10-10,10.68176634,11.27009082,10.6633812,11.01269886,342642168.0
2024-10-11,11.031084,11.18735769,10.64499606,10.77369204,207089057.0
2024-10-14,11.01269886,11.19655026,10.83804003,11.04946914,240059509.0
2024-10-15,10.97592858,11.24251311,10.92077316,10.9391583,207284077.0
2024-10-16,10.8472326,11.19655026,10.81965489,11.08623942,191449353.0
2024-10-17,11.09543199,11.24251311,10.96673601,10.98512115,165370809.0
2024-10-18,10.94835087,11.19655026,10.73692176,11.06785428,260465416.0
2024-10-21,10.97592858,10.97592858,10.69095891,10.85642517,280665467.0
2024-10-22,10.81046232,10.96673601,10.77369204,10.83804003,161778713.0
2024-10-23,10.86561774,10.92996573,10.80126975,10.90238802,151186604.0
2024-10-24,10.85642517,10.90238802,10.77369204,10.80126975,88529942.0
2024-10-25,10.81965489,10.82884746,10.74611433,10.76449947,110575468.0
2024-10-28,10.73692176,10.73692176,10.59903321,10.70015148,116948698.0
2024-10-29,10.68176634,10.79207718,10.59903321,10.60822578,119802482.0
2024-10-30,10.5714555,10.64499606,10.36002639,10.40598924,148240279.0
2024-10-31,10.41518181,10.51630008,10.33244868,10.46114466,125020539.0
2024-11-01,10.46114466,10.61741835,10.42437438,10.50710751,158981111.0
2024-11-04,10.50710751,10.53468522,10.35083382,10.53468522,113151611.0
2024-11-05,10.49791494,10.71853662,10.47033723,10.70934405,166541840.0
2024-11-06,10.68176634,10.70015148,10.54387779,10.61741835,146228636.0
2024-11-07,10.5714555,10.96673601,10.55307036,10.94835087,224284379.0
2024-11-08,10.97592858,11.04027657,10.7553069,10.77369204,189510415.0
2024-11-11,10.69095891,10.73692176,10.54387779,10.6633812,148695164.0
2024-11-12,10.64499606,10.88400288,10.58064807,10.60822578,171766255.0
2024-11-13,10.5714555,10.7553069,10.55307036,10.67257377,108626328.0
2024-11-14,10.65418863,10.7553069,10.59903321,10.60822578,115978311.0
2024-11-15,10.5714555,10.67257377,10.49791494,10.51630008,121578351.0
2024-11-18,10.69095891,11.06785428,10.68176634,10.80126975,379732445.0
2024-11-19,10.80126975,10.99431372,10.61741835,10.73692176,243003665.0
2024-11-20,10.72772919,10.80126975,10.67257377,10.70015148,128657248.0
2024-11-21,10.68176634,10.70934405,10.62661092,10.65418863,88340806.0
2024-11-22,10.65418863,10.67257377,10.36921896,10.36921896,162531744.0
2024-11-25,10.36921896,10.42437438,10.24052298,10.27729326,116602032.0
2024-11-26,10.27729326,10.39679667,10.24052298,10.36002639,83107820.0
2024-11-27,10.33244868,10.47033723,10.24971555,10.47033723,89517805.0
2024-11-28,10.47033723,10.49791494,10.40598924,10.42437438,73316854.0
2024-11-29,10.45195209,10.53468522,10.42437438,10.46114466,102848758.0
2024-12-02,10.47033723,10.4795298,10.39679667,10.47033723,97543366.0
2024-12-03,10.45195209,10.5714555,10.43356695,10.56226293,108255936.0
2024-12-04,10.51630008,10.59903321,10.45195209,10.53468522,100747059.0
2024-12-05,10.51630008,10.5714555,10.48872237,10.51630008,68710883.0
2024-12-06,10.51630008,10.7553069,10.50710751,10.71853662,172626927.0
2024-12-09,10.69095891,10.77369204,10.65418863,10.72772919,96406316.0
2024-12-10,10.9391583,10.98512115,10.80126975,10.83804003,216780724.0
2024-12-11,10.83804003,10.87481031,10.77369204,10.78288461,96769145.0
2024-12-12,10.78288461,10.91158059,10.76449947,10.89319545,98623459.0
2024-12-13,10.83804003,10.8472326,10.62661092,10.62661092,134379289.0
2024-12-16,10.62661092,10.71853662,10.59903321,10.63580349,80571778.0
2024-12-17,10.63580349,10.70934405,10.58984064,10.59903321,80211995.0
2024-12-18,10.64499606,10.79207718,10.63580349,10.70934405,101658966.0
2024-12-19,10.65418863,10.70015148,10.60822578,10.65418863,69737904.0
2024-12-20,10.65418863,10.7553069,10.64499606,10.68176634,71464627.0
2024-12-23,10.70015148,10.88400288,10.70015148,10.78288461,165940476.0
2024-12-24,10.77369204,10.91158059,10.77369204,10.90238802,135083691.0
2024-12-25,10.90238802,11.04946914,10.88400288,10.95754344,147528294.0
2024-12-26,10.95754344,10.96673601,10.82884746,10.90238802,100007470.0
2024-12-27,10.91158059,10.9391583,10.71853662,10.87481031,129001228.0
2024-12-30,10.82884746,11.00350629,10.82884746,10.98512115,135184636.0
2024-12-31,10.96673601,11.02189143,10.7553069,10.7553069,147536733.0
